2025-05-01T05:08:06.031+03:00  INFO 3635 --- [med-lab-final] [main] o.j.m.c.AppointmentControllerTest        : Starting AppointmentControllerTest using Java 18.0.2 with PID 3635 (started by kravchuk in /Volumes/Other/JavaProj/med-lab-final)
2025-05-01T05:08:06.033+03:00  INFO 3635 --- [med-lab-final] [main] o.j.m.c.AppointmentControllerTest        : No active profile set, falling back to 1 default profile: "default"
2025-05-01T05:08:06.308+03:00  INFO 3635 --- [med-lab-final] [main] .s.d.r.c.RepositoryConfigurationDelegate : Bootstrapping Spring Data JPA repositories in DEFAULT mode.
2025-05-01T05:08:06.331+03:00  INFO 3635 --- [med-lab-final] [main] .s.d.r.c.RepositoryConfigurationDelegate : Finished Spring Data repository scanning in 18 ms. Found 3 JPA repository interfaces.
2025-05-01T05:08:06.559+03:00  INFO 3635 --- [med-lab-final] [main] o.hibernate.jpa.internal.util.LogHelper  : HHH000204: Processing PersistenceUnitInfo [name: default]
2025-05-01T05:08:06.590+03:00  INFO 3635 --- [med-lab-final] [main] org.hibernate.Version                    : HHH000412: Hibernate ORM core version 6.6.11.Final
2025-05-01T05:08:06.606+03:00  INFO 3635 --- [med-lab-final] [main] o.h.c.internal.RegionFactoryInitiator    : HHH000026: Second-level cache disabled
2025-05-01T05:08:06.729+03:00  INFO 3635 --- [med-lab-final] [main] o.s.o.j.p.SpringPersistenceUnitInfo      : No LoadTimeWeaver setup: ignoring JPA class transformer
2025-05-01T05:08:06.742+03:00  INFO 3635 --- [med-lab-final] [main] com.zaxxer.hikari.HikariDataSource       : HikariPool-1 - Starting...
2025-05-01T05:08:06.960+03:00  INFO 3635 --- [med-lab-final] [main] com.zaxxer.hikari.pool.HikariPool        : HikariPool-1 - Added connection com.mysql.cj.jdbc.ConnectionImpl@7f4f1536
2025-05-01T05:08:06.961+03:00  INFO 3635 --- [med-lab-final] [main] com.zaxxer.hikari.HikariDataSource       : HikariPool-1 - Start completed.
2025-05-01T05:08:07.007+03:00  INFO 3635 --- [med-lab-final] [main] org.hibernate.orm.connections.pooling    : HHH10001005: Database info:
	Database JDBC URL [Connecting through datasource 'HikariDataSource (HikariPool-1)']
	Database driver: undefined/unknown
	Database version: 8.0.40
	Autocommit mode: undefined/unknown
	Isolation level: undefined/unknown
	Minimum pool size: undefined/unknown
	Maximum pool size: undefined/unknown
2025-05-01T05:08:07.413+03:00  INFO 3635 --- [med-lab-final] [main] o.h.e.t.j.p.i.JtaPlatformInitiator       : HHH000489: No JTA platform available (set 'hibernate.transaction.jta.platform' to enable JTA platform integration)
2025-05-01T05:08:07.469+03:00  INFO 3635 --- [med-lab-final] [main] j.LocalContainerEntityManagerFactoryBean : Initialized JPA EntityManagerFactory for persistence unit 'default'
2025-05-01T05:08:07.783+03:00  WARN 3635 --- [med-lab-final] [main] JpaBaseConfiguration$JpaWebConfiguration : spring.jpa.open-in-view is enabled by default. Therefore, database queries may be performed during view rendering. Explicitly configure spring.jpa.open-in-view to disable this warning
2025-05-01T05:08:07.996+03:00  INFO 3635 --- [med-lab-final] [main] o.s.b.t.m.w.SpringBootMockServletContext : Initializing Spring TestDispatcherServlet ''
2025-05-01T05:08:07.997+03:00  INFO 3635 --- [med-lab-final] [main] o.s.t.web.servlet.TestDispatcherServlet  : Initializing Servlet ''
2025-05-01T05:08:07.997+03:00  INFO 3635 --- [med-lab-final] [main] o.s.t.web.servlet.TestDispatcherServlet  : Completed initialization in 0 ms
2025-05-01T05:08:08.009+03:00  INFO 3635 --- [med-lab-final] [main] o.j.m.c.AppointmentControllerTest        : Started AppointmentControllerTest in 2.116 seconds (process running for 2.6)
2025-05-01T05:08:08.231+03:00  WARN 3635 --- [med-lab-final] [main] .w.s.m.s.DefaultHandlerExceptionResolver : Resolved [org.springframework.web.HttpRequestMethodNotSupportedException: Request method 'POST' is not supported]
2025-05-01T05:08:08.289+03:00  INFO 3635 --- [med-lab-final] [SpringApplicationShutdownHook] j.LocalContainerEntityManagerFactoryBean : Closing JPA EntityManagerFactory for persistence unit 'default'
2025-05-01T05:08:08.291+03:00  INFO 3635 --- [med-lab-final] [SpringApplicationShutdownHook] com.zaxxer.hikari.HikariDataSource       : HikariPool-1 - Shutdown initiated...
2025-05-01T05:08:08.294+03:00  INFO 3635 --- [med-lab-final] [SpringApplicationShutdownHook] com.zaxxer.hikari.HikariDataSource       : HikariPool-1 - Shutdown completed.
2025-05-01T05:16:11.694+03:00  INFO 3896 --- [med-lab-final] [main] o.j.m.c.AppointmentControllerTest        : Starting AppointmentControllerTest using Java 18.0.2 with PID 3896 (started by kravchuk in /Volumes/Other/JavaProj/med-lab-final)
2025-05-01T05:16:11.694+03:00  INFO 3896 --- [med-lab-final] [main] o.j.m.c.AppointmentControllerTest        : No active profile set, falling back to 1 default profile: "default"
2025-05-01T05:16:11.983+03:00  INFO 3896 --- [med-lab-final] [main] .s.d.r.c.RepositoryConfigurationDelegate : Bootstrapping Spring Data JPA repositories in DEFAULT mode.
2025-05-01T05:16:12.005+03:00  INFO 3896 --- [med-lab-final] [main] .s.d.r.c.RepositoryConfigurationDelegate : Finished Spring Data repository scanning in 17 ms. Found 3 JPA repository interfaces.
2025-05-01T05:16:12.234+03:00  INFO 3896 --- [med-lab-final] [main] o.hibernate.jpa.internal.util.LogHelper  : HHH000204: Processing PersistenceUnitInfo [name: default]
2025-05-01T05:16:12.265+03:00  INFO 3896 --- [med-lab-final] [main] org.hibernate.Version                    : HHH000412: Hibernate ORM core version 6.6.11.Final
2025-05-01T05:16:12.278+03:00  INFO 3896 --- [med-lab-final] [main] o.h.c.internal.RegionFactoryInitiator    : HHH000026: Second-level cache disabled
2025-05-01T05:16:12.407+03:00  INFO 3896 --- [med-lab-final] [main] o.s.o.j.p.SpringPersistenceUnitInfo      : No LoadTimeWeaver setup: ignoring JPA class transformer
2025-05-01T05:16:12.420+03:00  INFO 3896 --- [med-lab-final] [main] com.zaxxer.hikari.HikariDataSource       : HikariPool-1 - Starting...
2025-05-01T05:16:12.623+03:00  INFO 3896 --- [med-lab-final] [main] com.zaxxer.hikari.pool.HikariPool        : HikariPool-1 - Added connection com.mysql.cj.jdbc.ConnectionImpl@6dc2279c
2025-05-01T05:16:12.624+03:00  INFO 3896 --- [med-lab-final] [main] com.zaxxer.hikari.HikariDataSource       : HikariPool-1 - Start completed.
2025-05-01T05:16:12.674+03:00  INFO 3896 --- [med-lab-final] [main] org.hibernate.orm.connections.pooling    : HHH10001005: Database info:
	Database JDBC URL [Connecting through datasource 'HikariDataSource (HikariPool-1)']
	Database driver: undefined/unknown
	Database version: 8.0.40
	Autocommit mode: undefined/unknown
	Isolation level: undefined/unknown
	Minimum pool size: undefined/unknown
	Maximum pool size: undefined/unknown
2025-05-01T05:16:13.076+03:00  INFO 3896 --- [med-lab-final] [main] o.h.e.t.j.p.i.JtaPlatformInitiator       : HHH000489: No JTA platform available (set 'hibernate.transaction.jta.platform' to enable JTA platform integration)
2025-05-01T05:16:13.129+03:00  INFO 3896 --- [med-lab-final] [main] j.LocalContainerEntityManagerFactoryBean : Initialized JPA EntityManagerFactory for persistence unit 'default'
2025-05-01T05:16:13.457+03:00  WARN 3896 --- [med-lab-final] [main] JpaBaseConfiguration$JpaWebConfiguration : spring.jpa.open-in-view is enabled by default. Therefore, database queries may be performed during view rendering. Explicitly configure spring.jpa.open-in-view to disable this warning
2025-05-01T05:16:13.672+03:00  INFO 3896 --- [med-lab-final] [main] o.s.b.t.m.w.SpringBootMockServletContext : Initializing Spring TestDispatcherServlet ''
2025-05-01T05:16:13.672+03:00  INFO 3896 --- [med-lab-final] [main] o.s.t.web.servlet.TestDispatcherServlet  : Initializing Servlet ''
2025-05-01T05:16:13.672+03:00  INFO 3896 --- [med-lab-final] [main] o.s.t.web.servlet.TestDispatcherServlet  : Completed initialization in 0 ms
2025-05-01T05:16:13.685+03:00  INFO 3896 --- [med-lab-final] [main] o.j.m.c.AppointmentControllerTest        : Started AppointmentControllerTest in 2.136 seconds (process running for 2.654)
2025-05-01T05:16:13.842+03:00  INFO 3896 --- [med-lab-final] [main] o.j.medlabfinal.aspect.LoggingAspect     : Виклик методу: save
2025-05-01T05:16:13.871+03:00  INFO 3896 --- [med-lab-final] [main] o.j.medlabfinal.aspect.LoggingAspect     : Виклик методу: save
2025-05-01T05:16:13.889+03:00  INFO 3896 --- [med-lab-final] [main] o.j.medlabfinal.aspect.LoggingAspect     : Виклик методу: findAll
2025-05-01T05:16:14.104+03:00  INFO 3896 --- [med-lab-final] [SpringApplicationShutdownHook] j.LocalContainerEntityManagerFactoryBean : Closing JPA EntityManagerFactory for persistence unit 'default'
2025-05-01T05:16:14.105+03:00  INFO 3896 --- [med-lab-final] [SpringApplicationShutdownHook] com.zaxxer.hikari.HikariDataSource       : HikariPool-1 - Shutdown initiated...
2025-05-01T05:16:14.109+03:00  INFO 3896 --- [med-lab-final] [SpringApplicationShutdownHook] com.zaxxer.hikari.HikariDataSource       : HikariPool-1 - Shutdown completed.
2025-05-01T05:17:03.275+03:00  INFO 3914 --- [med-lab-final] [main] o.j.m.c.AppointmentControllerTest        : Starting AppointmentControllerTest using Java 18.0.2 with PID 3914 (started by kravchuk in /Volumes/Other/JavaProj/med-lab-final)
2025-05-01T05:17:03.277+03:00  INFO 3914 --- [med-lab-final] [main] o.j.m.c.AppointmentControllerTest        : No active profile set, falling back to 1 default profile: "default"
2025-05-01T05:17:03.537+03:00  INFO 3914 --- [med-lab-final] [main] .s.d.r.c.RepositoryConfigurationDelegate : Bootstrapping Spring Data JPA repositories in DEFAULT mode.
2025-05-01T05:17:03.563+03:00  INFO 3914 --- [med-lab-final] [main] .s.d.r.c.RepositoryConfigurationDelegate : Finished Spring Data repository scanning in 20 ms. Found 3 JPA repository interfaces.
2025-05-01T05:17:03.777+03:00  INFO 3914 --- [med-lab-final] [main] o.hibernate.jpa.internal.util.LogHelper  : HHH000204: Processing PersistenceUnitInfo [name: default]
2025-05-01T05:17:03.798+03:00  INFO 3914 --- [med-lab-final] [main] org.hibernate.Version                    : HHH000412: Hibernate ORM core version 6.6.11.Final
2025-05-01T05:17:03.811+03:00  INFO 3914 --- [med-lab-final] [main] o.h.c.internal.RegionFactoryInitiator    : HHH000026: Second-level cache disabled
2025-05-01T05:17:03.929+03:00  INFO 3914 --- [med-lab-final] [main] o.s.o.j.p.SpringPersistenceUnitInfo      : No LoadTimeWeaver setup: ignoring JPA class transformer
2025-05-01T05:17:03.940+03:00  INFO 3914 --- [med-lab-final] [main] com.zaxxer.hikari.HikariDataSource       : HikariPool-1 - Starting...
2025-05-01T05:17:04.085+03:00  INFO 3914 --- [med-lab-final] [main] com.zaxxer.hikari.pool.HikariPool        : HikariPool-1 - Added connection com.mysql.cj.jdbc.ConnectionImpl@286a4c52
2025-05-01T05:17:04.086+03:00  INFO 3914 --- [med-lab-final] [main] com.zaxxer.hikari.HikariDataSource       : HikariPool-1 - Start completed.
2025-05-01T05:17:04.130+03:00  INFO 3914 --- [med-lab-final] [main] org.hibernate.orm.connections.pooling    : HHH10001005: Database info:
	Database JDBC URL [Connecting through datasource 'HikariDataSource (HikariPool-1)']
	Database driver: undefined/unknown
	Database version: 8.0.40
	Autocommit mode: undefined/unknown
	Isolation level: undefined/unknown
	Minimum pool size: undefined/unknown
	Maximum pool size: undefined/unknown
2025-05-01T05:17:04.505+03:00  INFO 3914 --- [med-lab-final] [main] o.h.e.t.j.p.i.JtaPlatformInitiator       : HHH000489: No JTA platform available (set 'hibernate.transaction.jta.platform' to enable JTA platform integration)
2025-05-01T05:17:04.543+03:00  INFO 3914 --- [med-lab-final] [main] j.LocalContainerEntityManagerFactoryBean : Initialized JPA EntityManagerFactory for persistence unit 'default'
2025-05-01T05:17:04.867+03:00  WARN 3914 --- [med-lab-final] [main] JpaBaseConfiguration$JpaWebConfiguration : spring.jpa.open-in-view is enabled by default. Therefore, database queries may be performed during view rendering. Explicitly configure spring.jpa.open-in-view to disable this warning
2025-05-01T05:17:05.067+03:00  INFO 3914 --- [med-lab-final] [main] o.s.b.t.m.w.SpringBootMockServletContext : Initializing Spring TestDispatcherServlet ''
2025-05-01T05:17:05.067+03:00  INFO 3914 --- [med-lab-final] [main] o.s.t.web.servlet.TestDispatcherServlet  : Initializing Servlet ''
2025-05-01T05:17:05.067+03:00  INFO 3914 --- [med-lab-final] [main] o.s.t.web.servlet.TestDispatcherServlet  : Completed initialization in 0 ms
2025-05-01T05:17:05.081+03:00  INFO 3914 --- [med-lab-final] [main] o.j.m.c.AppointmentControllerTest        : Started AppointmentControllerTest in 1.931 seconds (process running for 2.409)
2025-05-01T05:17:05.236+03:00  INFO 3914 --- [med-lab-final] [main] o.j.medlabfinal.aspect.LoggingAspect     : Виклик методу: save
2025-05-01T05:17:05.260+03:00  INFO 3914 --- [med-lab-final] [main] o.j.medlabfinal.aspect.LoggingAspect     : Виклик методу: save
2025-05-01T05:17:05.314+03:00  INFO 3914 --- [med-lab-final] [main] o.j.medlabfinal.aspect.LoggingAspect     : Виклик методу: save
2025-05-01T05:17:05.321+03:00  INFO 3914 --- [med-lab-final] [main] o.j.medlabfinal.aspect.LoggingAspect     : Виклик методу: sendConfirmation
2025-05-01T05:17:07.317+03:00  INFO 3914 --- [med-lab-final] [SpringApplicationShutdownHook] j.LocalContainerEntityManagerFactoryBean : Closing JPA EntityManagerFactory for persistence unit 'default'
2025-05-01T05:17:07.318+03:00  INFO 3914 --- [med-lab-final] [SpringApplicationShutdownHook] com.zaxxer.hikari.HikariDataSource       : HikariPool-1 - Shutdown initiated...
2025-05-01T05:17:07.321+03:00  INFO 3914 --- [med-lab-final] [SpringApplicationShutdownHook] com.zaxxer.hikari.HikariDataSource       : HikariPool-1 - Shutdown completed.
2025-05-01T05:20:20.643+03:00  INFO 3986 --- [med-lab-final] [main] o.j.m.c.AppointmentControllerTest        : Starting AppointmentControllerTest using Java 18.0.2 with PID 3986 (started by kravchuk in /Volumes/Other/JavaProj/med-lab-final)
2025-05-01T05:20:20.644+03:00  INFO 3986 --- [med-lab-final] [main] o.j.m.c.AppointmentControllerTest        : No active profile set, falling back to 1 default profile: "default"
2025-05-01T05:20:20.920+03:00  INFO 3986 --- [med-lab-final] [main] .s.d.r.c.RepositoryConfigurationDelegate : Bootstrapping Spring Data JPA repositories in DEFAULT mode.
2025-05-01T05:20:20.945+03:00  INFO 3986 --- [med-lab-final] [main] .s.d.r.c.RepositoryConfigurationDelegate : Finished Spring Data repository scanning in 20 ms. Found 3 JPA repository interfaces.
2025-05-01T05:20:21.169+03:00  INFO 3986 --- [med-lab-final] [main] o.hibernate.jpa.internal.util.LogHelper  : HHH000204: Processing PersistenceUnitInfo [name: default]
2025-05-01T05:20:21.199+03:00  INFO 3986 --- [med-lab-final] [main] org.hibernate.Version                    : HHH000412: Hibernate ORM core version 6.6.11.Final
2025-05-01T05:20:21.213+03:00  INFO 3986 --- [med-lab-final] [main] o.h.c.internal.RegionFactoryInitiator    : HHH000026: Second-level cache disabled
2025-05-01T05:20:21.334+03:00  INFO 3986 --- [med-lab-final] [main] o.s.o.j.p.SpringPersistenceUnitInfo      : No LoadTimeWeaver setup: ignoring JPA class transformer
2025-05-01T05:20:21.347+03:00  INFO 3986 --- [med-lab-final] [main] com.zaxxer.hikari.HikariDataSource       : HikariPool-1 - Starting...
2025-05-01T05:20:21.508+03:00  INFO 3986 --- [med-lab-final] [main] com.zaxxer.hikari.pool.HikariPool        : HikariPool-1 - Added connection com.mysql.cj.jdbc.ConnectionImpl@4d825dbe
2025-05-01T05:20:21.509+03:00  INFO 3986 --- [med-lab-final] [main] com.zaxxer.hikari.HikariDataSource       : HikariPool-1 - Start completed.
2025-05-01T05:20:21.549+03:00  INFO 3986 --- [med-lab-final] [main] org.hibernate.orm.connections.pooling    : HHH10001005: Database info:
	Database JDBC URL [Connecting through datasource 'HikariDataSource (HikariPool-1)']
	Database driver: undefined/unknown
	Database version: 8.0.40
	Autocommit mode: undefined/unknown
	Isolation level: undefined/unknown
	Minimum pool size: undefined/unknown
	Maximum pool size: undefined/unknown
2025-05-01T05:20:21.943+03:00  INFO 3986 --- [med-lab-final] [main] o.h.e.t.j.p.i.JtaPlatformInitiator       : HHH000489: No JTA platform available (set 'hibernate.transaction.jta.platform' to enable JTA platform integration)
2025-05-01T05:20:21.978+03:00  INFO 3986 --- [med-lab-final] [main] j.LocalContainerEntityManagerFactoryBean : Initialized JPA EntityManagerFactory for persistence unit 'default'
2025-05-01T05:20:22.289+03:00  WARN 3986 --- [med-lab-final] [main] JpaBaseConfiguration$JpaWebConfiguration : spring.jpa.open-in-view is enabled by default. Therefore, database queries may be performed during view rendering. Explicitly configure spring.jpa.open-in-view to disable this warning
2025-05-01T05:20:22.522+03:00  INFO 3986 --- [med-lab-final] [main] o.s.b.t.m.w.SpringBootMockServletContext : Initializing Spring TestDispatcherServlet ''
2025-05-01T05:20:22.522+03:00  INFO 3986 --- [med-lab-final] [main] o.s.t.web.servlet.TestDispatcherServlet  : Initializing Servlet ''
2025-05-01T05:20:22.523+03:00  INFO 3986 --- [med-lab-final] [main] o.s.t.web.servlet.TestDispatcherServlet  : Completed initialization in 0 ms
2025-05-01T05:20:22.535+03:00  INFO 3986 --- [med-lab-final] [main] o.j.m.c.AppointmentControllerTest        : Started AppointmentControllerTest in 2.05 seconds (process running for 2.528)
2025-05-01T05:20:22.699+03:00  INFO 3986 --- [med-lab-final] [main] o.j.medlabfinal.aspect.LoggingAspect     : Виклик методу: save
2025-05-01T05:20:22.723+03:00  INFO 3986 --- [med-lab-final] [main] o.j.medlabfinal.aspect.LoggingAspect     : Виклик методу: save
2025-05-01T05:20:22.764+03:00  INFO 3986 --- [med-lab-final] [main] o.j.medlabfinal.aspect.LoggingAspect     : Виклик методу: findAll
2025-05-01T05:20:22.979+03:00  INFO 3986 --- [med-lab-final] [SpringApplicationShutdownHook] j.LocalContainerEntityManagerFactoryBean : Closing JPA EntityManagerFactory for persistence unit 'default'
2025-05-01T05:20:22.980+03:00  INFO 3986 --- [med-lab-final] [SpringApplicationShutdownHook] com.zaxxer.hikari.HikariDataSource       : HikariPool-1 - Shutdown initiated...
2025-05-01T05:20:22.984+03:00  INFO 3986 --- [med-lab-final] [SpringApplicationShutdownHook] com.zaxxer.hikari.HikariDataSource       : HikariPool-1 - Shutdown completed.
2025-05-01T05:23:37.562+03:00  INFO 4082 --- [med-lab-final] [main] o.j.m.c.AppointmentControllerTest        : Starting AppointmentControllerTest using Java 18.0.2 with PID 4082 (started by kravchuk in /Volumes/Other/JavaProj/med-lab-final)
2025-05-01T05:23:37.563+03:00  INFO 4082 --- [med-lab-final] [main] o.j.m.c.AppointmentControllerTest        : No active profile set, falling back to 1 default profile: "default"
2025-05-01T05:23:37.831+03:00  INFO 4082 --- [med-lab-final] [main] .s.d.r.c.RepositoryConfigurationDelegate : Bootstrapping Spring Data JPA repositories in DEFAULT mode.
2025-05-01T05:23:37.856+03:00  INFO 4082 --- [med-lab-final] [main] .s.d.r.c.RepositoryConfigurationDelegate : Finished Spring Data repository scanning in 19 ms. Found 3 JPA repository interfaces.
2025-05-01T05:23:38.071+03:00  INFO 4082 --- [med-lab-final] [main] o.hibernate.jpa.internal.util.LogHelper  : HHH000204: Processing PersistenceUnitInfo [name: default]
2025-05-01T05:23:38.093+03:00  INFO 4082 --- [med-lab-final] [main] org.hibernate.Version                    : HHH000412: Hibernate ORM core version 6.6.11.Final
2025-05-01T05:23:38.104+03:00  INFO 4082 --- [med-lab-final] [main] o.h.c.internal.RegionFactoryInitiator    : HHH000026: Second-level cache disabled
2025-05-01T05:23:38.220+03:00  INFO 4082 --- [med-lab-final] [main] o.s.o.j.p.SpringPersistenceUnitInfo      : No LoadTimeWeaver setup: ignoring JPA class transformer
2025-05-01T05:23:38.231+03:00  INFO 4082 --- [med-lab-final] [main] com.zaxxer.hikari.HikariDataSource       : HikariPool-1 - Starting...
2025-05-01T05:23:38.374+03:00  INFO 4082 --- [med-lab-final] [main] com.zaxxer.hikari.pool.HikariPool        : HikariPool-1 - Added connection com.mysql.cj.jdbc.ConnectionImpl@72001c71
2025-05-01T05:23:38.375+03:00  INFO 4082 --- [med-lab-final] [main] com.zaxxer.hikari.HikariDataSource       : HikariPool-1 - Start completed.
2025-05-01T05:23:38.409+03:00  INFO 4082 --- [med-lab-final] [main] org.hibernate.orm.connections.pooling    : HHH10001005: Database info:
	Database JDBC URL [Connecting through datasource 'HikariDataSource (HikariPool-1)']
	Database driver: undefined/unknown
	Database version: 8.0.40
	Autocommit mode: undefined/unknown
	Isolation level: undefined/unknown
	Minimum pool size: undefined/unknown
	Maximum pool size: undefined/unknown
2025-05-01T05:23:38.795+03:00  INFO 4082 --- [med-lab-final] [main] o.h.e.t.j.p.i.JtaPlatformInitiator       : HHH000489: No JTA platform available (set 'hibernate.transaction.jta.platform' to enable JTA platform integration)
2025-05-01T05:23:38.829+03:00  INFO 4082 --- [med-lab-final] [main] j.LocalContainerEntityManagerFactoryBean : Initialized JPA EntityManagerFactory for persistence unit 'default'
2025-05-01T05:23:39.148+03:00  WARN 4082 --- [med-lab-final] [main] JpaBaseConfiguration$JpaWebConfiguration : spring.jpa.open-in-view is enabled by default. Therefore, database queries may be performed during view rendering. Explicitly configure spring.jpa.open-in-view to disable this warning
2025-05-01T05:23:39.357+03:00  INFO 4082 --- [med-lab-final] [main] o.s.b.t.m.w.SpringBootMockServletContext : Initializing Spring TestDispatcherServlet ''
2025-05-01T05:23:39.357+03:00  INFO 4082 --- [med-lab-final] [main] o.s.t.web.servlet.TestDispatcherServlet  : Initializing Servlet ''
2025-05-01T05:23:39.358+03:00  INFO 4082 --- [med-lab-final] [main] o.s.t.web.servlet.TestDispatcherServlet  : Completed initialization in 1 ms
2025-05-01T05:23:39.370+03:00  INFO 4082 --- [med-lab-final] [main] o.j.m.c.AppointmentControllerTest        : Started AppointmentControllerTest in 1.933 seconds (process running for 2.393)
2025-05-01T05:23:39.528+03:00  INFO 4082 --- [med-lab-final] [main] o.j.medlabfinal.aspect.LoggingAspect     : Виклик методу: save
2025-05-01T05:23:39.552+03:00  INFO 4082 --- [med-lab-final] [main] o.j.medlabfinal.aspect.LoggingAspect     : Виклик методу: save
2025-05-01T05:23:39.554+03:00  INFO 4082 --- [med-lab-final] [main] o.j.medlabfinal.aspect.LoggingAspect     : Виклик методу: save
2025-05-01T05:23:39.581+03:00  INFO 4082 --- [med-lab-final] [main] o.j.medlabfinal.aspect.LoggingAspect     : Виклик методу: deleteById
2025-05-01T05:23:39.604+03:00  INFO 4082 --- [med-lab-final] [main] o.j.medlabfinal.aspect.LoggingAspect     : Виклик методу: findAllPaginated
2025-05-01T05:23:39.839+03:00  INFO 4082 --- [med-lab-final] [SpringApplicationShutdownHook] j.LocalContainerEntityManagerFactoryBean : Closing JPA EntityManagerFactory for persistence unit 'default'
2025-05-01T05:23:39.840+03:00  INFO 4082 --- [med-lab-final] [SpringApplicationShutdownHook] com.zaxxer.hikari.HikariDataSource       : HikariPool-1 - Shutdown initiated...
2025-05-01T05:23:39.843+03:00  INFO 4082 --- [med-lab-final] [SpringApplicationShutdownHook] com.zaxxer.hikari.HikariDataSource       : HikariPool-1 - Shutdown completed.
2025-05-01T05:24:08.589+03:00  INFO 4103 --- [med-lab-final] [main] o.j.m.c.AppointmentControllerTest        : Starting AppointmentControllerTest using Java 18.0.2 with PID 4103 (started by kravchuk in /Volumes/Other/JavaProj/med-lab-final)
2025-05-01T05:24:08.589+03:00  INFO 4103 --- [med-lab-final] [main] o.j.m.c.AppointmentControllerTest        : No active profile set, falling back to 1 default profile: "default"
2025-05-01T05:24:08.859+03:00  INFO 4103 --- [med-lab-final] [main] .s.d.r.c.RepositoryConfigurationDelegate : Bootstrapping Spring Data JPA repositories in DEFAULT mode.
2025-05-01T05:24:08.883+03:00  INFO 4103 --- [med-lab-final] [main] .s.d.r.c.RepositoryConfigurationDelegate : Finished Spring Data repository scanning in 19 ms. Found 3 JPA repository interfaces.
2025-05-01T05:24:09.102+03:00  INFO 4103 --- [med-lab-final] [main] o.hibernate.jpa.internal.util.LogHelper  : HHH000204: Processing PersistenceUnitInfo [name: default]
2025-05-01T05:24:09.130+03:00  INFO 4103 --- [med-lab-final] [main] org.hibernate.Version                    : HHH000412: Hibernate ORM core version 6.6.11.Final
2025-05-01T05:24:09.145+03:00  INFO 4103 --- [med-lab-final] [main] o.h.c.internal.RegionFactoryInitiator    : HHH000026: Second-level cache disabled
2025-05-01T05:24:09.260+03:00  INFO 4103 --- [med-lab-final] [main] o.s.o.j.p.SpringPersistenceUnitInfo      : No LoadTimeWeaver setup: ignoring JPA class transformer
2025-05-01T05:24:09.273+03:00  INFO 4103 --- [med-lab-final] [main] com.zaxxer.hikari.HikariDataSource       : HikariPool-1 - Starting...
2025-05-01T05:24:09.470+03:00  INFO 4103 --- [med-lab-final] [main] com.zaxxer.hikari.pool.HikariPool        : HikariPool-1 - Added connection com.mysql.cj.jdbc.ConnectionImpl@7283877
2025-05-01T05:24:09.471+03:00  INFO 4103 --- [med-lab-final] [main] com.zaxxer.hikari.HikariDataSource       : HikariPool-1 - Start completed.
2025-05-01T05:24:09.525+03:00  INFO 4103 --- [med-lab-final] [main] org.hibernate.orm.connections.pooling    : HHH10001005: Database info:
	Database JDBC URL [Connecting through datasource 'HikariDataSource (HikariPool-1)']
	Database driver: undefined/unknown
	Database version: 8.0.40
	Autocommit mode: undefined/unknown
	Isolation level: undefined/unknown
	Minimum pool size: undefined/unknown
	Maximum pool size: undefined/unknown
2025-05-01T05:24:09.922+03:00  INFO 4103 --- [med-lab-final] [main] o.h.e.t.j.p.i.JtaPlatformInitiator       : HHH000489: No JTA platform available (set 'hibernate.transaction.jta.platform' to enable JTA platform integration)
2025-05-01T05:24:09.970+03:00  INFO 4103 --- [med-lab-final] [main] j.LocalContainerEntityManagerFactoryBean : Initialized JPA EntityManagerFactory for persistence unit 'default'
2025-05-01T05:24:10.284+03:00  WARN 4103 --- [med-lab-final] [main] JpaBaseConfiguration$JpaWebConfiguration : spring.jpa.open-in-view is enabled by default. Therefore, database queries may be performed during view rendering. Explicitly configure spring.jpa.open-in-view to disable this warning
2025-05-01T05:24:10.502+03:00  INFO 4103 --- [med-lab-final] [main] o.s.b.t.m.w.SpringBootMockServletContext : Initializing Spring TestDispatcherServlet ''
2025-05-01T05:24:10.502+03:00  INFO 4103 --- [med-lab-final] [main] o.s.t.web.servlet.TestDispatcherServlet  : Initializing Servlet ''
2025-05-01T05:24:10.503+03:00  INFO 4103 --- [med-lab-final] [main] o.s.t.web.servlet.TestDispatcherServlet  : Completed initialization in 0 ms
2025-05-01T05:24:10.516+03:00  INFO 4103 --- [med-lab-final] [main] o.j.m.c.AppointmentControllerTest        : Started AppointmentControllerTest in 2.084 seconds (process running for 2.566)
2025-05-01T05:24:10.673+03:00  INFO 4103 --- [med-lab-final] [main] o.j.medlabfinal.aspect.LoggingAspect     : Виклик методу: save
2025-05-01T05:24:10.704+03:00  INFO 4103 --- [med-lab-final] [main] o.j.medlabfinal.aspect.LoggingAspect     : Виклик методу: save
2025-05-01T05:24:10.706+03:00  INFO 4103 --- [med-lab-final] [main] o.j.medlabfinal.aspect.LoggingAspect     : Виклик методу: save
2025-05-01T05:24:10.735+03:00  INFO 4103 --- [med-lab-final] [main] o.j.medlabfinal.aspect.LoggingAspect     : Виклик методу: deleteById
2025-05-01T05:24:10.753+03:00  INFO 4103 --- [med-lab-final] [main] o.j.medlabfinal.aspect.LoggingAspect     : Виклик методу: findAllPaginated
2025-05-01T05:24:10.996+03:00  INFO 4103 --- [med-lab-final] [SpringApplicationShutdownHook] j.LocalContainerEntityManagerFactoryBean : Closing JPA EntityManagerFactory for persistence unit 'default'
2025-05-01T05:24:10.998+03:00  INFO 4103 --- [med-lab-final] [SpringApplicationShutdownHook] com.zaxxer.hikari.HikariDataSource       : HikariPool-1 - Shutdown initiated...
2025-05-01T05:24:11.001+03:00  INFO 4103 --- [med-lab-final] [SpringApplicationShutdownHook] com.zaxxer.hikari.HikariDataSource       : HikariPool-1 - Shutdown completed.
2025-05-01T05:26:43.246+03:00  INFO 4156 --- [med-lab-final] [main] o.j.m.c.AppointmentControllerTest        : Starting AppointmentControllerTest using Java 18.0.2 with PID 4156 (started by kravchuk in /Volumes/Other/JavaProj/med-lab-final)
2025-05-01T05:26:43.247+03:00  INFO 4156 --- [med-lab-final] [main] o.j.m.c.AppointmentControllerTest        : No active profile set, falling back to 1 default profile: "default"
2025-05-01T05:26:43.510+03:00  INFO 4156 --- [med-lab-final] [main] .s.d.r.c.RepositoryConfigurationDelegate : Bootstrapping Spring Data JPA repositories in DEFAULT mode.
2025-05-01T05:26:43.533+03:00  INFO 4156 --- [med-lab-final] [main] .s.d.r.c.RepositoryConfigurationDelegate : Finished Spring Data repository scanning in 18 ms. Found 3 JPA repository interfaces.
2025-05-01T05:26:43.748+03:00  INFO 4156 --- [med-lab-final] [main] o.hibernate.jpa.internal.util.LogHelper  : HHH000204: Processing PersistenceUnitInfo [name: default]
2025-05-01T05:26:43.769+03:00  INFO 4156 --- [med-lab-final] [main] org.hibernate.Version                    : HHH000412: Hibernate ORM core version 6.6.11.Final
2025-05-01T05:26:43.780+03:00  INFO 4156 --- [med-lab-final] [main] o.h.c.internal.RegionFactoryInitiator    : HHH000026: Second-level cache disabled
2025-05-01T05:26:43.899+03:00  INFO 4156 --- [med-lab-final] [main] o.s.o.j.p.SpringPersistenceUnitInfo      : No LoadTimeWeaver setup: ignoring JPA class transformer
2025-05-01T05:26:43.911+03:00  INFO 4156 --- [med-lab-final] [main] com.zaxxer.hikari.HikariDataSource       : HikariPool-1 - Starting...
2025-05-01T05:26:44.049+03:00  INFO 4156 --- [med-lab-final] [main] com.zaxxer.hikari.pool.HikariPool        : HikariPool-1 - Added connection com.mysql.cj.jdbc.ConnectionImpl@13dd7887
2025-05-01T05:26:44.050+03:00  INFO 4156 --- [med-lab-final] [main] com.zaxxer.hikari.HikariDataSource       : HikariPool-1 - Start completed.
2025-05-01T05:26:44.089+03:00  INFO 4156 --- [med-lab-final] [main] org.hibernate.orm.connections.pooling    : HHH10001005: Database info:
	Database JDBC URL [Connecting through datasource 'HikariDataSource (HikariPool-1)']
	Database driver: undefined/unknown
	Database version: 8.0.40
	Autocommit mode: undefined/unknown
	Isolation level: undefined/unknown
	Minimum pool size: undefined/unknown
	Maximum pool size: undefined/unknown
2025-05-01T05:26:44.467+03:00  INFO 4156 --- [med-lab-final] [main] o.h.e.t.j.p.i.JtaPlatformInitiator       : HHH000489: No JTA platform available (set 'hibernate.transaction.jta.platform' to enable JTA platform integration)
2025-05-01T05:26:44.499+03:00  INFO 4156 --- [med-lab-final] [main] j.LocalContainerEntityManagerFactoryBean : Initialized JPA EntityManagerFactory for persistence unit 'default'
2025-05-01T05:26:44.814+03:00  WARN 4156 --- [med-lab-final] [main] JpaBaseConfiguration$JpaWebConfiguration : spring.jpa.open-in-view is enabled by default. Therefore, database queries may be performed during view rendering. Explicitly configure spring.jpa.open-in-view to disable this warning
2025-05-01T05:26:45.016+03:00  INFO 4156 --- [med-lab-final] [main] o.s.b.t.m.w.SpringBootMockServletContext : Initializing Spring TestDispatcherServlet ''
2025-05-01T05:26:45.017+03:00  INFO 4156 --- [med-lab-final] [main] o.s.t.web.servlet.TestDispatcherServlet  : Initializing Servlet ''
2025-05-01T05:26:45.017+03:00  INFO 4156 --- [med-lab-final] [main] o.s.t.web.servlet.TestDispatcherServlet  : Completed initialization in 0 ms
2025-05-01T05:26:45.030+03:00  INFO 4156 --- [med-lab-final] [main] o.j.m.c.AppointmentControllerTest        : Started AppointmentControllerTest in 1.911 seconds (process running for 2.366)
2025-05-01T05:26:45.188+03:00  INFO 4156 --- [med-lab-final] [main] o.j.medlabfinal.aspect.LoggingAspect     : Виклик методу: save
2025-05-01T05:26:45.212+03:00  INFO 4156 --- [med-lab-final] [main] o.j.medlabfinal.aspect.LoggingAspect     : Виклик методу: save
2025-05-01T05:26:45.214+03:00  INFO 4156 --- [med-lab-final] [main] o.j.medlabfinal.aspect.LoggingAspect     : Виклик методу: save
2025-05-01T05:26:45.241+03:00  INFO 4156 --- [med-lab-final] [main] o.j.medlabfinal.aspect.LoggingAspect     : Виклик методу: deleteById
2025-05-01T05:26:45.258+03:00  INFO 4156 --- [med-lab-final] [main] o.j.medlabfinal.aspect.LoggingAspect     : Виклик методу: findAllPaginated
2025-05-01T05:26:45.477+03:00  INFO 4156 --- [med-lab-final] [SpringApplicationShutdownHook] j.LocalContainerEntityManagerFactoryBean : Closing JPA EntityManagerFactory for persistence unit 'default'
2025-05-01T05:26:45.478+03:00  INFO 4156 --- [med-lab-final] [SpringApplicationShutdownHook] com.zaxxer.hikari.HikariDataSource       : HikariPool-1 - Shutdown initiated...
2025-05-01T05:26:45.481+03:00  INFO 4156 --- [med-lab-final] [SpringApplicationShutdownHook] com.zaxxer.hikari.HikariDataSource       : HikariPool-1 - Shutdown completed.
2025-05-01T05:39:46.881+03:00  INFO 4292 --- [med-lab-final] [main] o.j.m.c.AppointmentControllerTest        : Starting AppointmentControllerTest using Java 18.0.2 with PID 4292 (started by kravchuk in /Volumes/Other/JavaProj/med-lab-final)
2025-05-01T05:39:46.882+03:00  INFO 4292 --- [med-lab-final] [main] o.j.m.c.AppointmentControllerTest        : No active profile set, falling back to 1 default profile: "default"
2025-05-01T05:39:47.181+03:00  INFO 4292 --- [med-lab-final] [main] .s.d.r.c.RepositoryConfigurationDelegate : Bootstrapping Spring Data JPA repositories in DEFAULT mode.
2025-05-01T05:39:47.204+03:00  INFO 4292 --- [med-lab-final] [main] .s.d.r.c.RepositoryConfigurationDelegate : Finished Spring Data repository scanning in 18 ms. Found 3 JPA repository interfaces.
2025-05-01T05:39:47.420+03:00  INFO 4292 --- [med-lab-final] [main] o.hibernate.jpa.internal.util.LogHelper  : HHH000204: Processing PersistenceUnitInfo [name: default]
2025-05-01T05:39:47.450+03:00  INFO 4292 --- [med-lab-final] [main] org.hibernate.Version                    : HHH000412: Hibernate ORM core version 6.6.11.Final
2025-05-01T05:39:47.464+03:00  INFO 4292 --- [med-lab-final] [main] o.h.c.internal.RegionFactoryInitiator    : HHH000026: Second-level cache disabled
2025-05-01T05:39:47.591+03:00  INFO 4292 --- [med-lab-final] [main] o.s.o.j.p.SpringPersistenceUnitInfo      : No LoadTimeWeaver setup: ignoring JPA class transformer
2025-05-01T05:39:47.604+03:00  INFO 4292 --- [med-lab-final] [main] com.zaxxer.hikari.HikariDataSource       : HikariPool-1 - Starting...
2025-05-01T05:39:47.764+03:00  INFO 4292 --- [med-lab-final] [main] com.zaxxer.hikari.pool.HikariPool        : HikariPool-1 - Added connection com.mysql.cj.jdbc.ConnectionImpl@11180750
2025-05-01T05:39:47.765+03:00  INFO 4292 --- [med-lab-final] [main] com.zaxxer.hikari.HikariDataSource       : HikariPool-1 - Start completed.
2025-05-01T05:39:47.808+03:00  INFO 4292 --- [med-lab-final] [main] org.hibernate.orm.connections.pooling    : HHH10001005: Database info:
	Database JDBC URL [Connecting through datasource 'HikariDataSource (HikariPool-1)']
	Database driver: undefined/unknown
	Database version: 8.0.40
	Autocommit mode: undefined/unknown
	Isolation level: undefined/unknown
	Minimum pool size: undefined/unknown
	Maximum pool size: undefined/unknown
2025-05-01T05:39:48.206+03:00  INFO 4292 --- [med-lab-final] [main] o.h.e.t.j.p.i.JtaPlatformInitiator       : HHH000489: No JTA platform available (set 'hibernate.transaction.jta.platform' to enable JTA platform integration)
2025-05-01T05:39:48.246+03:00  INFO 4292 --- [med-lab-final] [main] j.LocalContainerEntityManagerFactoryBean : Initialized JPA EntityManagerFactory for persistence unit 'default'
2025-05-01T05:39:48.561+03:00  WARN 4292 --- [med-lab-final] [main] JpaBaseConfiguration$JpaWebConfiguration : spring.jpa.open-in-view is enabled by default. Therefore, database queries may be performed during view rendering. Explicitly configure spring.jpa.open-in-view to disable this warning
2025-05-01T05:39:48.776+03:00  INFO 4292 --- [med-lab-final] [main] o.s.b.t.m.w.SpringBootMockServletContext : Initializing Spring TestDispatcherServlet ''
2025-05-01T05:39:48.777+03:00  INFO 4292 --- [med-lab-final] [main] o.s.t.web.servlet.TestDispatcherServlet  : Initializing Servlet ''
2025-05-01T05:39:48.777+03:00  INFO 4292 --- [med-lab-final] [main] o.s.t.web.servlet.TestDispatcherServlet  : Completed initialization in 0 ms
2025-05-01T05:39:48.790+03:00  INFO 4292 --- [med-lab-final] [main] o.j.m.c.AppointmentControllerTest        : Started AppointmentControllerTest in 2.06 seconds (process running for 2.581)
2025-05-01T05:39:48.947+03:00  INFO 4292 --- [med-lab-final] [main] o.j.medlabfinal.aspect.LoggingAspect     : Виклик методу: save
2025-05-01T05:39:48.979+03:00  INFO 4292 --- [med-lab-final] [main] o.j.medlabfinal.aspect.LoggingAspect     : Виклик методу: save
2025-05-01T05:39:48.981+03:00  INFO 4292 --- [med-lab-final] [main] o.j.medlabfinal.aspect.LoggingAspect     : Виклик методу: save
2025-05-01T05:39:48.994+03:00  INFO 4292 --- [med-lab-final] [main] o.j.medlabfinal.aspect.LoggingAspect     : Виклик методу: deleteById
2025-05-01T05:39:49.014+03:00  INFO 4292 --- [med-lab-final] [main] o.j.medlabfinal.aspect.LoggingAspect     : Виклик методу: deleteById
2025-05-01T05:39:49.033+03:00  INFO 4292 --- [med-lab-final] [main] o.j.medlabfinal.aspect.LoggingAspect     : Виклик методу: findAllPaginated
2025-05-01T05:39:49.262+03:00  INFO 4292 --- [med-lab-final] [SpringApplicationShutdownHook] j.LocalContainerEntityManagerFactoryBean : Closing JPA EntityManagerFactory for persistence unit 'default'
2025-05-01T05:39:49.263+03:00  INFO 4292 --- [med-lab-final] [SpringApplicationShutdownHook] com.zaxxer.hikari.HikariDataSource       : HikariPool-1 - Shutdown initiated...
2025-05-01T05:39:49.266+03:00  INFO 4292 --- [med-lab-final] [SpringApplicationShutdownHook] com.zaxxer.hikari.HikariDataSource       : HikariPool-1 - Shutdown completed.
2025-05-01T05:45:46.177+03:00  INFO 4383 --- [med-lab-final] [main] o.j.m.c.AppointmentControllerTest        : Starting AppointmentControllerTest using Java 18.0.2 with PID 4383 (started by kravchuk in /Volumes/Other/JavaProj/med-lab-final)
2025-05-01T05:45:46.178+03:00  INFO 4383 --- [med-lab-final] [main] o.j.m.c.AppointmentControllerTest        : No active profile set, falling back to 1 default profile: "default"
2025-05-01T05:45:46.456+03:00  INFO 4383 --- [med-lab-final] [main] .s.d.r.c.RepositoryConfigurationDelegate : Bootstrapping Spring Data JPA repositories in DEFAULT mode.
2025-05-01T05:45:46.481+03:00  INFO 4383 --- [med-lab-final] [main] .s.d.r.c.RepositoryConfigurationDelegate : Finished Spring Data repository scanning in 20 ms. Found 3 JPA repository interfaces.
2025-05-01T05:45:46.703+03:00  INFO 4383 --- [med-lab-final] [main] o.hibernate.jpa.internal.util.LogHelper  : HHH000204: Processing PersistenceUnitInfo [name: default]
2025-05-01T05:45:46.733+03:00  INFO 4383 --- [med-lab-final] [main] org.hibernate.Version                    : HHH000412: Hibernate ORM core version 6.6.11.Final
2025-05-01T05:45:46.747+03:00  INFO 4383 --- [med-lab-final] [main] o.h.c.internal.RegionFactoryInitiator    : HHH000026: Second-level cache disabled
2025-05-01T05:45:46.875+03:00  INFO 4383 --- [med-lab-final] [main] o.s.o.j.p.SpringPersistenceUnitInfo      : No LoadTimeWeaver setup: ignoring JPA class transformer
2025-05-01T05:45:46.888+03:00  INFO 4383 --- [med-lab-final] [main] com.zaxxer.hikari.HikariDataSource       : HikariPool-1 - Starting...
2025-05-01T05:45:47.094+03:00  INFO 4383 --- [med-lab-final] [main] com.zaxxer.hikari.pool.HikariPool        : HikariPool-1 - Added connection com.mysql.cj.jdbc.ConnectionImpl@333a44f2
2025-05-01T05:45:47.095+03:00  INFO 4383 --- [med-lab-final] [main] com.zaxxer.hikari.HikariDataSource       : HikariPool-1 - Start completed.
2025-05-01T05:45:47.144+03:00  INFO 4383 --- [med-lab-final] [main] org.hibernate.orm.connections.pooling    : HHH10001005: Database info:
	Database JDBC URL [Connecting through datasource 'HikariDataSource (HikariPool-1)']
	Database driver: undefined/unknown
	Database version: 8.0.40
	Autocommit mode: undefined/unknown
	Isolation level: undefined/unknown
	Minimum pool size: undefined/unknown
	Maximum pool size: undefined/unknown
2025-05-01T05:45:47.541+03:00  INFO 4383 --- [med-lab-final] [main] o.h.e.t.j.p.i.JtaPlatformInitiator       : HHH000489: No JTA platform available (set 'hibernate.transaction.jta.platform' to enable JTA platform integration)
2025-05-01T05:45:47.588+03:00  INFO 4383 --- [med-lab-final] [main] j.LocalContainerEntityManagerFactoryBean : Initialized JPA EntityManagerFactory for persistence unit 'default'
2025-05-01T05:45:47.908+03:00  WARN 4383 --- [med-lab-final] [main] JpaBaseConfiguration$JpaWebConfiguration : spring.jpa.open-in-view is enabled by default. Therefore, database queries may be performed during view rendering. Explicitly configure spring.jpa.open-in-view to disable this warning
2025-05-01T05:45:48.123+03:00  INFO 4383 --- [med-lab-final] [main] o.s.b.t.m.w.SpringBootMockServletContext : Initializing Spring TestDispatcherServlet ''
2025-05-01T05:45:48.123+03:00  INFO 4383 --- [med-lab-final] [main] o.s.t.web.servlet.TestDispatcherServlet  : Initializing Servlet ''
2025-05-01T05:45:48.124+03:00  INFO 4383 --- [med-lab-final] [main] o.s.t.web.servlet.TestDispatcherServlet  : Completed initialization in 1 ms
2025-05-01T05:45:48.137+03:00  INFO 4383 --- [med-lab-final] [main] o.j.m.c.AppointmentControllerTest        : Started AppointmentControllerTest in 2.111 seconds (process running for 2.625)
2025-05-01T05:45:48.296+03:00  INFO 4383 --- [med-lab-final] [main] o.j.medlabfinal.aspect.LoggingAspect     : Виклик методу: save
2025-05-01T05:45:48.326+03:00  INFO 4383 --- [med-lab-final] [main] o.j.medlabfinal.aspect.LoggingAspect     : Виклик методу: save
2025-05-01T05:45:48.328+03:00  INFO 4383 --- [med-lab-final] [main] o.j.medlabfinal.aspect.LoggingAspect     : Виклик методу: save
2025-05-01T05:45:48.341+03:00  INFO 4383 --- [med-lab-final] [main] o.j.medlabfinal.aspect.LoggingAspect     : Виклик методу: deleteById
2025-05-01T05:45:48.363+03:00  INFO 4383 --- [med-lab-final] [main] o.j.medlabfinal.aspect.LoggingAspect     : Виклик методу: deleteById
2025-05-01T05:45:48.375+03:00  INFO 4383 --- [med-lab-final] [main] o.j.medlabfinal.aspect.LoggingAspect     : Виклик методу: findAllPaginated
2025-05-01T05:45:48.724+03:00  INFO 4383 --- [med-lab-final] [SpringApplicationShutdownHook] j.LocalContainerEntityManagerFactoryBean : Closing JPA EntityManagerFactory for persistence unit 'default'
2025-05-01T05:45:48.725+03:00  INFO 4383 --- [med-lab-final] [SpringApplicationShutdownHook] com.zaxxer.hikari.HikariDataSource       : HikariPool-1 - Shutdown initiated...
2025-05-01T05:45:48.729+03:00  INFO 4383 --- [med-lab-final] [SpringApplicationShutdownHook] com.zaxxer.hikari.HikariDataSource       : HikariPool-1 - Shutdown completed.
2025-05-01T06:01:35.106+03:00  INFO 4832 --- [med-lab-final] [main] o.j.m.c.MedicalAnalysisControllerTest    : Starting MedicalAnalysisControllerTest using Java 18.0.2 with PID 4832 (started by kravchuk in /Volumes/Other/JavaProj/med-lab-final)
2025-05-01T06:01:35.107+03:00  INFO 4832 --- [med-lab-final] [main] o.j.m.c.MedicalAnalysisControllerTest    : No active profile set, falling back to 1 default profile: "default"
2025-05-01T06:01:35.376+03:00  INFO 4832 --- [med-lab-final] [main] .s.d.r.c.RepositoryConfigurationDelegate : Bootstrapping Spring Data JPA repositories in DEFAULT mode.
2025-05-01T06:01:35.400+03:00  INFO 4832 --- [med-lab-final] [main] .s.d.r.c.RepositoryConfigurationDelegate : Finished Spring Data repository scanning in 18 ms. Found 3 JPA repository interfaces.
2025-05-01T06:01:35.621+03:00  INFO 4832 --- [med-lab-final] [main] o.hibernate.jpa.internal.util.LogHelper  : HHH000204: Processing PersistenceUnitInfo [name: default]
2025-05-01T06:01:35.650+03:00  INFO 4832 --- [med-lab-final] [main] org.hibernate.Version                    : HHH000412: Hibernate ORM core version 6.6.11.Final
2025-05-01T06:01:35.664+03:00  INFO 4832 --- [med-lab-final] [main] o.h.c.internal.RegionFactoryInitiator    : HHH000026: Second-level cache disabled
2025-05-01T06:01:35.785+03:00  INFO 4832 --- [med-lab-final] [main] o.s.o.j.p.SpringPersistenceUnitInfo      : No LoadTimeWeaver setup: ignoring JPA class transformer
2025-05-01T06:01:35.798+03:00  INFO 4832 --- [med-lab-final] [main] com.zaxxer.hikari.HikariDataSource       : HikariPool-1 - Starting...
2025-05-01T06:01:36.004+03:00  INFO 4832 --- [med-lab-final] [main] com.zaxxer.hikari.pool.HikariPool        : HikariPool-1 - Added connection com.mysql.cj.jdbc.ConnectionImpl@30228de7
2025-05-01T06:01:36.005+03:00  INFO 4832 --- [med-lab-final] [main] com.zaxxer.hikari.HikariDataSource       : HikariPool-1 - Start completed.
2025-05-01T06:01:36.054+03:00  INFO 4832 --- [med-lab-final] [main] org.hibernate.orm.connections.pooling    : HHH10001005: Database info:
	Database JDBC URL [Connecting through datasource 'HikariDataSource (HikariPool-1)']
	Database driver: undefined/unknown
	Database version: 8.0.40
	Autocommit mode: undefined/unknown
	Isolation level: undefined/unknown
	Minimum pool size: undefined/unknown
	Maximum pool size: undefined/unknown
2025-05-01T06:01:36.448+03:00  INFO 4832 --- [med-lab-final] [main] o.h.e.t.j.p.i.JtaPlatformInitiator       : HHH000489: No JTA platform available (set 'hibernate.transaction.jta.platform' to enable JTA platform integration)
2025-05-01T06:01:36.492+03:00  INFO 4832 --- [med-lab-final] [main] j.LocalContainerEntityManagerFactoryBean : Initialized JPA EntityManagerFactory for persistence unit 'default'
2025-05-01T06:01:36.806+03:00  WARN 4832 --- [med-lab-final] [main] JpaBaseConfiguration$JpaWebConfiguration : spring.jpa.open-in-view is enabled by default. Therefore, database queries may be performed during view rendering. Explicitly configure spring.jpa.open-in-view to disable this warning
2025-05-01T06:01:37.020+03:00  INFO 4832 --- [med-lab-final] [main] o.s.b.t.m.w.SpringBootMockServletContext : Initializing Spring TestDispatcherServlet ''
2025-05-01T06:01:37.020+03:00  INFO 4832 --- [med-lab-final] [main] o.s.t.web.servlet.TestDispatcherServlet  : Initializing Servlet ''
2025-05-01T06:01:37.021+03:00  INFO 4832 --- [med-lab-final] [main] o.s.t.web.servlet.TestDispatcherServlet  : Completed initialization in 1 ms
2025-05-01T06:01:37.034+03:00  INFO 4832 --- [med-lab-final] [main] o.j.m.c.MedicalAnalysisControllerTest    : Started MedicalAnalysisControllerTest in 2.074 seconds (process running for 2.573)
2025-05-01T06:01:37.262+03:00  INFO 4832 --- [med-lab-final] [main] o.j.medlabfinal.aspect.LoggingAspect     : Виклик методу: searchByName
2025-05-01T06:01:37.506+03:00  WARN 4832 --- [med-lab-final] [main] o.h.engine.jdbc.spi.SqlExceptionHelper   : SQL Error: 1451, SQLState: 23000
2025-05-01T06:01:37.507+03:00 ERROR 4832 --- [med-lab-final] [main] o.h.engine.jdbc.spi.SqlExceptionHelper   : Cannot delete or update a parent row: a foreign key constraint fails (`test_lab`.`appointment_analysis`, CONSTRAINT `FKthd7dpt395atwt8bltuk5e9m4` FOREIGN KEY (`medical_analysis_id`) REFERENCES `medical_analysis` (`id`))
2025-05-01T06:01:37.528+03:00  INFO 4832 --- [med-lab-final] [main] o.j.medlabfinal.aspect.LoggingAspect     : Виклик методу: save
2025-05-01T06:01:37.648+03:00  WARN 4832 --- [med-lab-final] [main] o.h.engine.jdbc.spi.SqlExceptionHelper   : SQL Error: 1451, SQLState: 23000
2025-05-01T06:01:37.648+03:00 ERROR 4832 --- [med-lab-final] [main] o.h.engine.jdbc.spi.SqlExceptionHelper   : Cannot delete or update a parent row: a foreign key constraint fails (`test_lab`.`appointment_analysis`, CONSTRAINT `FKthd7dpt395atwt8bltuk5e9m4` FOREIGN KEY (`medical_analysis_id`) REFERENCES `medical_analysis` (`id`))
2025-05-01T06:01:37.656+03:00  INFO 4832 --- [med-lab-final] [main] o.j.medlabfinal.aspect.LoggingAspect     : Виклик методу: findById
2025-05-01T06:01:37.661+03:00  INFO 4832 --- [med-lab-final] [main] o.j.medlabfinal.aspect.LoggingAspect     : Виклик методу: save
2025-05-01T06:01:37.671+03:00  WARN 4832 --- [med-lab-final] [main] o.h.engine.jdbc.spi.SqlExceptionHelper   : SQL Error: 1451, SQLState: 23000
2025-05-01T06:01:37.671+03:00 ERROR 4832 --- [med-lab-final] [main] o.h.engine.jdbc.spi.SqlExceptionHelper   : Cannot delete or update a parent row: a foreign key constraint fails (`test_lab`.`appointment_analysis`, CONSTRAINT `FKthd7dpt395atwt8bltuk5e9m4` FOREIGN KEY (`medical_analysis_id`) REFERENCES `medical_analysis` (`id`))
2025-05-01T06:01:37.678+03:00  INFO 4832 --- [med-lab-final] [main] o.j.medlabfinal.aspect.LoggingAspect     : Виклик методу: findAll
2025-05-01T06:01:37.691+03:00  WARN 4832 --- [med-lab-final] [main] o.h.engine.jdbc.spi.SqlExceptionHelper   : SQL Error: 1451, SQLState: 23000
2025-05-01T06:01:37.691+03:00 ERROR 4832 --- [med-lab-final] [main] o.h.engine.jdbc.spi.SqlExceptionHelper   : Cannot delete or update a parent row: a foreign key constraint fails (`test_lab`.`appointment_analysis`, CONSTRAINT `FKthd7dpt395atwt8bltuk5e9m4` FOREIGN KEY (`medical_analysis_id`) REFERENCES `medical_analysis` (`id`))
2025-05-01T06:01:37.698+03:00  INFO 4832 --- [med-lab-final] [main] o.j.medlabfinal.aspect.LoggingAspect     : Виклик методу: deleteById
2025-05-01T06:01:37.707+03:00  WARN 4832 --- [med-lab-final] [main] o.h.engine.jdbc.spi.SqlExceptionHelper   : SQL Error: 1451, SQLState: 23000
2025-05-01T06:01:37.707+03:00 ERROR 4832 --- [med-lab-final] [main] o.h.engine.jdbc.spi.SqlExceptionHelper   : Cannot delete or update a parent row: a foreign key constraint fails (`test_lab`.`appointment_analysis`, CONSTRAINT `FKthd7dpt395atwt8bltuk5e9m4` FOREIGN KEY (`medical_analysis_id`) REFERENCES `medical_analysis` (`id`))
2025-05-01T06:01:37.714+03:00  INFO 4832 --- [med-lab-final] [SpringApplicationShutdownHook] j.LocalContainerEntityManagerFactoryBean : Closing JPA EntityManagerFactory for persistence unit 'default'
2025-05-01T06:01:37.715+03:00  INFO 4832 --- [med-lab-final] [SpringApplicationShutdownHook] com.zaxxer.hikari.HikariDataSource       : HikariPool-1 - Shutdown initiated...
2025-05-01T06:01:37.718+03:00  INFO 4832 --- [med-lab-final] [SpringApplicationShutdownHook] com.zaxxer.hikari.HikariDataSource       : HikariPool-1 - Shutdown completed.
2025-05-01T06:07:26.627+03:00  INFO 5009 --- [med-lab-final] [main] o.j.m.c.MedicalAnalysisControllerTest    : Starting MedicalAnalysisControllerTest using Java 18.0.2 with PID 5009 (started by kravchuk in /Volumes/Other/JavaProj/med-lab-final)
2025-05-01T06:07:26.628+03:00  INFO 5009 --- [med-lab-final] [main] o.j.m.c.MedicalAnalysisControllerTest    : No active profile set, falling back to 1 default profile: "default"
2025-05-01T06:07:26.904+03:00  INFO 5009 --- [med-lab-final] [main] .s.d.r.c.RepositoryConfigurationDelegate : Bootstrapping Spring Data JPA repositories in DEFAULT mode.
2025-05-01T06:07:26.928+03:00  INFO 5009 --- [med-lab-final] [main] .s.d.r.c.RepositoryConfigurationDelegate : Finished Spring Data repository scanning in 19 ms. Found 3 JPA repository interfaces.
2025-05-01T06:07:27.152+03:00  INFO 5009 --- [med-lab-final] [main] o.hibernate.jpa.internal.util.LogHelper  : HHH000204: Processing PersistenceUnitInfo [name: default]
2025-05-01T06:07:27.180+03:00  INFO 5009 --- [med-lab-final] [main] org.hibernate.Version                    : HHH000412: Hibernate ORM core version 6.6.11.Final
2025-05-01T06:07:27.193+03:00  INFO 5009 --- [med-lab-final] [main] o.h.c.internal.RegionFactoryInitiator    : HHH000026: Second-level cache disabled
2025-05-01T06:07:27.305+03:00  INFO 5009 --- [med-lab-final] [main] o.s.o.j.p.SpringPersistenceUnitInfo      : No LoadTimeWeaver setup: ignoring JPA class transformer
2025-05-01T06:07:27.323+03:00  INFO 5009 --- [med-lab-final] [main] com.zaxxer.hikari.HikariDataSource       : HikariPool-1 - Starting...
2025-05-01T06:07:27.528+03:00  INFO 5009 --- [med-lab-final] [main] com.zaxxer.hikari.pool.HikariPool        : HikariPool-1 - Added connection com.mysql.cj.jdbc.ConnectionImpl@6b091a92
2025-05-01T06:07:27.529+03:00  INFO 5009 --- [med-lab-final] [main] com.zaxxer.hikari.HikariDataSource       : HikariPool-1 - Start completed.
2025-05-01T06:07:27.577+03:00  INFO 5009 --- [med-lab-final] [main] org.hibernate.orm.connections.pooling    : HHH10001005: Database info:
	Database JDBC URL [Connecting through datasource 'HikariDataSource (HikariPool-1)']
	Database driver: undefined/unknown
	Database version: 8.0.40
	Autocommit mode: undefined/unknown
	Isolation level: undefined/unknown
	Minimum pool size: undefined/unknown
	Maximum pool size: undefined/unknown
2025-05-01T06:07:27.971+03:00  INFO 5009 --- [med-lab-final] [main] o.h.e.t.j.p.i.JtaPlatformInitiator       : HHH000489: No JTA platform available (set 'hibernate.transaction.jta.platform' to enable JTA platform integration)
2025-05-01T06:07:28.017+03:00  INFO 5009 --- [med-lab-final] [main] j.LocalContainerEntityManagerFactoryBean : Initialized JPA EntityManagerFactory for persistence unit 'default'
2025-05-01T06:07:28.327+03:00  WARN 5009 --- [med-lab-final] [main] JpaBaseConfiguration$JpaWebConfiguration : spring.jpa.open-in-view is enabled by default. Therefore, database queries may be performed during view rendering. Explicitly configure spring.jpa.open-in-view to disable this warning
2025-05-01T06:07:28.547+03:00  INFO 5009 --- [med-lab-final] [main] o.s.b.t.m.w.SpringBootMockServletContext : Initializing Spring TestDispatcherServlet ''
2025-05-01T06:07:28.547+03:00  INFO 5009 --- [med-lab-final] [main] o.s.t.web.servlet.TestDispatcherServlet  : Initializing Servlet ''
2025-05-01T06:07:28.547+03:00  INFO 5009 --- [med-lab-final] [main] o.s.t.web.servlet.TestDispatcherServlet  : Completed initialization in 0 ms
2025-05-01T06:07:28.561+03:00  INFO 5009 --- [med-lab-final] [main] o.j.m.c.MedicalAnalysisControllerTest    : Started MedicalAnalysisControllerTest in 2.083 seconds (process running for 2.603)
2025-05-01T06:07:28.786+03:00  INFO 5009 --- [med-lab-final] [main] o.j.medlabfinal.aspect.LoggingAspect     : Виклик методу: searchByName
2025-05-01T06:07:29.033+03:00  INFO 5009 --- [med-lab-final] [main] o.j.medlabfinal.aspect.LoggingAspect     : Виклик методу: save
2025-05-01T06:07:29.173+03:00  INFO 5009 --- [med-lab-final] [main] o.j.medlabfinal.aspect.LoggingAspect     : Виклик методу: findById
2025-05-01T06:07:29.179+03:00  INFO 5009 --- [med-lab-final] [main] o.j.medlabfinal.aspect.LoggingAspect     : Виклик методу: save
2025-05-01T06:07:29.198+03:00  INFO 5009 --- [med-lab-final] [main] o.j.medlabfinal.aspect.LoggingAspect     : Виклик методу: findAll
2025-05-01T06:07:29.216+03:00  INFO 5009 --- [med-lab-final] [main] o.j.medlabfinal.aspect.LoggingAspect     : Виклик методу: deleteById
2025-05-01T06:07:29.227+03:00  INFO 5009 --- [med-lab-final] [SpringApplicationShutdownHook] j.LocalContainerEntityManagerFactoryBean : Closing JPA EntityManagerFactory for persistence unit 'default'
2025-05-01T06:07:29.228+03:00  INFO 5009 --- [med-lab-final] [SpringApplicationShutdownHook] com.zaxxer.hikari.HikariDataSource       : HikariPool-1 - Shutdown initiated...
2025-05-01T06:07:29.232+03:00  INFO 5009 --- [med-lab-final] [SpringApplicationShutdownHook] com.zaxxer.hikari.HikariDataSource       : HikariPool-1 - Shutdown completed.
2025-05-01T06:09:58.129+03:00  INFO 5042 --- [med-lab-final] [main] o.j.m.c.MedicalAnalysisControllerTest    : Starting MedicalAnalysisControllerTest using Java 18.0.2 with PID 5042 (started by kravchuk in /Volumes/Other/JavaProj/med-lab-final)
2025-05-01T06:09:58.130+03:00  INFO 5042 --- [med-lab-final] [main] o.j.m.c.MedicalAnalysisControllerTest    : No active profile set, falling back to 1 default profile: "default"
2025-05-01T06:09:58.400+03:00  INFO 5042 --- [med-lab-final] [main] .s.d.r.c.RepositoryConfigurationDelegate : Bootstrapping Spring Data JPA repositories in DEFAULT mode.
2025-05-01T06:09:58.425+03:00  INFO 5042 --- [med-lab-final] [main] .s.d.r.c.RepositoryConfigurationDelegate : Finished Spring Data repository scanning in 20 ms. Found 3 JPA repository interfaces.
2025-05-01T06:09:58.657+03:00  INFO 5042 --- [med-lab-final] [main] o.hibernate.jpa.internal.util.LogHelper  : HHH000204: Processing PersistenceUnitInfo [name: default]
2025-05-01T06:09:58.679+03:00  INFO 5042 --- [med-lab-final] [main] org.hibernate.Version                    : HHH000412: Hibernate ORM core version 6.6.11.Final
2025-05-01T06:09:58.693+03:00  INFO 5042 --- [med-lab-final] [main] o.h.c.internal.RegionFactoryInitiator    : HHH000026: Second-level cache disabled
2025-05-01T06:09:58.815+03:00  INFO 5042 --- [med-lab-final] [main] o.s.o.j.p.SpringPersistenceUnitInfo      : No LoadTimeWeaver setup: ignoring JPA class transformer
2025-05-01T06:09:58.828+03:00  INFO 5042 --- [med-lab-final] [main] com.zaxxer.hikari.HikariDataSource       : HikariPool-1 - Starting...
2025-05-01T06:09:58.975+03:00  INFO 5042 --- [med-lab-final] [main] com.zaxxer.hikari.pool.HikariPool        : HikariPool-1 - Added connection com.mysql.cj.jdbc.ConnectionImpl@333a44f2
2025-05-01T06:09:58.976+03:00  INFO 5042 --- [med-lab-final] [main] com.zaxxer.hikari.HikariDataSource       : HikariPool-1 - Start completed.
2025-05-01T06:09:59.015+03:00  INFO 5042 --- [med-lab-final] [main] org.hibernate.orm.connections.pooling    : HHH10001005: Database info:
	Database JDBC URL [Connecting through datasource 'HikariDataSource (HikariPool-1)']
	Database driver: undefined/unknown
	Database version: 8.0.40
	Autocommit mode: undefined/unknown
	Isolation level: undefined/unknown
	Minimum pool size: undefined/unknown
	Maximum pool size: undefined/unknown
2025-05-01T06:09:59.400+03:00  INFO 5042 --- [med-lab-final] [main] o.h.e.t.j.p.i.JtaPlatformInitiator       : HHH000489: No JTA platform available (set 'hibernate.transaction.jta.platform' to enable JTA platform integration)
2025-05-01T06:09:59.436+03:00  INFO 5042 --- [med-lab-final] [main] j.LocalContainerEntityManagerFactoryBean : Initialized JPA EntityManagerFactory for persistence unit 'default'
2025-05-01T06:09:59.742+03:00  WARN 5042 --- [med-lab-final] [main] JpaBaseConfiguration$JpaWebConfiguration : spring.jpa.open-in-view is enabled by default. Therefore, database queries may be performed during view rendering. Explicitly configure spring.jpa.open-in-view to disable this warning
2025-05-01T06:09:59.987+03:00  INFO 5042 --- [med-lab-final] [main] o.s.b.t.m.w.SpringBootMockServletContext : Initializing Spring TestDispatcherServlet ''
2025-05-01T06:09:59.987+03:00  INFO 5042 --- [med-lab-final] [main] o.s.t.web.servlet.TestDispatcherServlet  : Initializing Servlet ''
2025-05-01T06:09:59.988+03:00  INFO 5042 --- [med-lab-final] [main] o.s.t.web.servlet.TestDispatcherServlet  : Completed initialization in 1 ms
2025-05-01T06:10:00.005+03:00  INFO 5042 --- [med-lab-final] [main] o.j.m.c.MedicalAnalysisControllerTest    : Started MedicalAnalysisControllerTest in 2.024 seconds (process running for 2.521)
2025-05-01T06:10:00.313+03:00  INFO 5042 --- [med-lab-final] [main] o.j.medlabfinal.aspect.LoggingAspect     : Виклик методу: searchByName
2025-05-01T06:10:00.503+03:00  INFO 5042 --- [med-lab-final] [main] o.j.medlabfinal.aspect.LoggingAspect     : Виклик методу: save
2025-05-01T06:10:00.659+03:00  INFO 5042 --- [med-lab-final] [main] o.j.medlabfinal.aspect.LoggingAspect     : Виклик методу: findById
2025-05-01T06:10:00.663+03:00  INFO 5042 --- [med-lab-final] [main] o.j.medlabfinal.aspect.LoggingAspect     : Виклик методу: save
2025-05-01T06:10:00.681+03:00  INFO 5042 --- [med-lab-final] [main] o.j.medlabfinal.aspect.LoggingAspect     : Виклик методу: findAll
2025-05-01T06:10:00.696+03:00  INFO 5042 --- [med-lab-final] [main] o.j.medlabfinal.aspect.LoggingAspect     : Виклик методу: deleteById
2025-05-01T06:10:00.706+03:00  INFO 5042 --- [med-lab-final] [SpringApplicationShutdownHook] j.LocalContainerEntityManagerFactoryBean : Closing JPA EntityManagerFactory for persistence unit 'default'
2025-05-01T06:10:00.707+03:00  INFO 5042 --- [med-lab-final] [SpringApplicationShutdownHook] com.zaxxer.hikari.HikariDataSource       : HikariPool-1 - Shutdown initiated...
2025-05-01T06:10:00.710+03:00  INFO 5042 --- [med-lab-final] [SpringApplicationShutdownHook] com.zaxxer.hikari.HikariDataSource       : HikariPool-1 - Shutdown completed.
2025-05-01T06:21:34.781+03:00  INFO 5206 --- [med-lab-final] [main] o.j.m.c.MedicalAnalysisControllerTest    : Starting MedicalAnalysisControllerTest using Java 18.0.2 with PID 5206 (started by kravchuk in /Volumes/Other/JavaProj/med-lab-final)
2025-05-01T06:21:34.782+03:00  INFO 5206 --- [med-lab-final] [main] o.j.m.c.MedicalAnalysisControllerTest    : No active profile set, falling back to 1 default profile: "default"
2025-05-01T06:21:35.075+03:00  INFO 5206 --- [med-lab-final] [main] .s.d.r.c.RepositoryConfigurationDelegate : Bootstrapping Spring Data JPA repositories in DEFAULT mode.
2025-05-01T06:21:35.098+03:00  INFO 5206 --- [med-lab-final] [main] .s.d.r.c.RepositoryConfigurationDelegate : Finished Spring Data repository scanning in 17 ms. Found 3 JPA repository interfaces.
2025-05-01T06:21:35.326+03:00  INFO 5206 --- [med-lab-final] [main] o.hibernate.jpa.internal.util.LogHelper  : HHH000204: Processing PersistenceUnitInfo [name: default]
2025-05-01T06:21:35.357+03:00  INFO 5206 --- [med-lab-final] [main] org.hibernate.Version                    : HHH000412: Hibernate ORM core version 6.6.11.Final
2025-05-01T06:21:35.372+03:00  INFO 5206 --- [med-lab-final] [main] o.h.c.internal.RegionFactoryInitiator    : HHH000026: Second-level cache disabled
2025-05-01T06:21:35.508+03:00  INFO 5206 --- [med-lab-final] [main] o.s.o.j.p.SpringPersistenceUnitInfo      : No LoadTimeWeaver setup: ignoring JPA class transformer
2025-05-01T06:21:35.521+03:00  INFO 5206 --- [med-lab-final] [main] com.zaxxer.hikari.HikariDataSource       : HikariPool-1 - Starting...
2025-05-01T06:21:35.734+03:00  INFO 5206 --- [med-lab-final] [main] com.zaxxer.hikari.pool.HikariPool        : HikariPool-1 - Added connection com.mysql.cj.jdbc.ConnectionImpl@7d90644f
2025-05-01T06:21:35.734+03:00  INFO 5206 --- [med-lab-final] [main] com.zaxxer.hikari.HikariDataSource       : HikariPool-1 - Start completed.
2025-05-01T06:21:35.788+03:00  INFO 5206 --- [med-lab-final] [main] org.hibernate.orm.connections.pooling    : HHH10001005: Database info:
	Database JDBC URL [Connecting through datasource 'HikariDataSource (HikariPool-1)']
	Database driver: undefined/unknown
	Database version: 8.0.40
	Autocommit mode: undefined/unknown
	Isolation level: undefined/unknown
	Minimum pool size: undefined/unknown
	Maximum pool size: undefined/unknown
2025-05-01T06:21:36.212+03:00  INFO 5206 --- [med-lab-final] [main] o.h.e.t.j.p.i.JtaPlatformInitiator       : HHH000489: No JTA platform available (set 'hibernate.transaction.jta.platform' to enable JTA platform integration)
2025-05-01T06:21:36.263+03:00  INFO 5206 --- [med-lab-final] [main] j.LocalContainerEntityManagerFactoryBean : Initialized JPA EntityManagerFactory for persistence unit 'default'
2025-05-01T06:21:36.607+03:00  WARN 5206 --- [med-lab-final] [main] JpaBaseConfiguration$JpaWebConfiguration : spring.jpa.open-in-view is enabled by default. Therefore, database queries may be performed during view rendering. Explicitly configure spring.jpa.open-in-view to disable this warning
2025-05-01T06:21:36.844+03:00  INFO 5206 --- [med-lab-final] [main] o.s.b.t.m.w.SpringBootMockServletContext : Initializing Spring TestDispatcherServlet ''
2025-05-01T06:21:36.844+03:00  INFO 5206 --- [med-lab-final] [main] o.s.t.web.servlet.TestDispatcherServlet  : Initializing Servlet ''
2025-05-01T06:21:36.845+03:00  INFO 5206 --- [med-lab-final] [main] o.s.t.web.servlet.TestDispatcherServlet  : Completed initialization in 1 ms
2025-05-01T06:21:36.858+03:00  INFO 5206 --- [med-lab-final] [main] o.j.m.c.MedicalAnalysisControllerTest    : Started MedicalAnalysisControllerTest in 2.23 seconds (process running for 2.741)
2025-05-01T06:21:37.144+03:00  INFO 5206 --- [med-lab-final] [main] o.j.medlabfinal.aspect.LoggingAspect     : Виклик методу: deleteById
2025-05-01T06:21:37.201+03:00  INFO 5206 --- [med-lab-final] [main] o.j.medlabfinal.aspect.LoggingAspect     : Виклик методу: findById
2025-05-01T06:21:37.203+03:00  INFO 5206 --- [med-lab-final] [main] o.j.medlabfinal.aspect.LoggingAspect     : Виклик методу: save
2025-05-01T06:21:37.228+03:00  INFO 5206 --- [med-lab-final] [main] o.j.medlabfinal.aspect.LoggingAspect     : Виклик методу: searchByName
2025-05-01T06:21:37.396+03:00  INFO 5206 --- [med-lab-final] [main] o.j.medlabfinal.aspect.LoggingAspect     : Виклик методу: save
2025-05-01T06:21:37.548+03:00  INFO 5206 --- [med-lab-final] [main] o.j.medlabfinal.aspect.LoggingAspect     : Виклик методу: findAll
2025-05-01T06:21:37.559+03:00  INFO 5206 --- [med-lab-final] [SpringApplicationShutdownHook] j.LocalContainerEntityManagerFactoryBean : Closing JPA EntityManagerFactory for persistence unit 'default'
2025-05-01T06:21:37.560+03:00  INFO 5206 --- [med-lab-final] [SpringApplicationShutdownHook] com.zaxxer.hikari.HikariDataSource       : HikariPool-1 - Shutdown initiated...
2025-05-01T06:21:37.563+03:00  INFO 5206 --- [med-lab-final] [SpringApplicationShutdownHook] com.zaxxer.hikari.HikariDataSource       : HikariPool-1 - Shutdown completed.
2025-05-01T06:27:09.442+03:00  INFO 5319 --- [med-lab-final] [main] o.j.m.c.AppointmentControllerTest        : Starting AppointmentControllerTest using Java 18.0.2 with PID 5319 (started by kravchuk in /Volumes/Other/JavaProj/med-lab-final)
2025-05-01T06:27:09.442+03:00  INFO 5319 --- [med-lab-final] [main] o.j.m.c.AppointmentControllerTest        : No active profile set, falling back to 1 default profile: "default"
2025-05-01T06:27:09.724+03:00  INFO 5319 --- [med-lab-final] [main] .s.d.r.c.RepositoryConfigurationDelegate : Bootstrapping Spring Data JPA repositories in DEFAULT mode.
2025-05-01T06:27:09.747+03:00  INFO 5319 --- [med-lab-final] [main] .s.d.r.c.RepositoryConfigurationDelegate : Finished Spring Data repository scanning in 18 ms. Found 3 JPA repository interfaces.
2025-05-01T06:27:09.966+03:00  INFO 5319 --- [med-lab-final] [main] o.hibernate.jpa.internal.util.LogHelper  : HHH000204: Processing PersistenceUnitInfo [name: default]
2025-05-01T06:27:09.994+03:00  INFO 5319 --- [med-lab-final] [main] org.hibernate.Version                    : HHH000412: Hibernate ORM core version 6.6.11.Final
2025-05-01T06:27:10.010+03:00  INFO 5319 --- [med-lab-final] [main] o.h.c.internal.RegionFactoryInitiator    : HHH000026: Second-level cache disabled
2025-05-01T06:27:10.123+03:00  INFO 5319 --- [med-lab-final] [main] o.s.o.j.p.SpringPersistenceUnitInfo      : No LoadTimeWeaver setup: ignoring JPA class transformer
2025-05-01T06:27:10.142+03:00  INFO 5319 --- [med-lab-final] [main] com.zaxxer.hikari.HikariDataSource       : HikariPool-1 - Starting...
2025-05-01T06:27:10.343+03:00  INFO 5319 --- [med-lab-final] [main] com.zaxxer.hikari.pool.HikariPool        : HikariPool-1 - Added connection com.mysql.cj.jdbc.ConnectionImpl@6b2e9db2
2025-05-01T06:27:10.344+03:00  INFO 5319 --- [med-lab-final] [main] com.zaxxer.hikari.HikariDataSource       : HikariPool-1 - Start completed.
2025-05-01T06:27:10.388+03:00  INFO 5319 --- [med-lab-final] [main] org.hibernate.orm.connections.pooling    : HHH10001005: Database info:
	Database JDBC URL [Connecting through datasource 'HikariDataSource (HikariPool-1)']
	Database driver: undefined/unknown
	Database version: 8.0.40
	Autocommit mode: undefined/unknown
	Isolation level: undefined/unknown
	Minimum pool size: undefined/unknown
	Maximum pool size: undefined/unknown
2025-05-01T06:27:10.785+03:00  INFO 5319 --- [med-lab-final] [main] o.h.e.t.j.p.i.JtaPlatformInitiator       : HHH000489: No JTA platform available (set 'hibernate.transaction.jta.platform' to enable JTA platform integration)
2025-05-01T06:27:10.841+03:00  INFO 5319 --- [med-lab-final] [main] j.LocalContainerEntityManagerFactoryBean : Initialized JPA EntityManagerFactory for persistence unit 'default'
2025-05-01T06:27:11.176+03:00  WARN 5319 --- [med-lab-final] [main] JpaBaseConfiguration$JpaWebConfiguration : spring.jpa.open-in-view is enabled by default. Therefore, database queries may be performed during view rendering. Explicitly configure spring.jpa.open-in-view to disable this warning
2025-05-01T06:27:11.387+03:00  INFO 5319 --- [med-lab-final] [main] o.s.b.t.m.w.SpringBootMockServletContext : Initializing Spring TestDispatcherServlet ''
2025-05-01T06:27:11.387+03:00  INFO 5319 --- [med-lab-final] [main] o.s.t.web.servlet.TestDispatcherServlet  : Initializing Servlet ''
2025-05-01T06:27:11.388+03:00  INFO 5319 --- [med-lab-final] [main] o.s.t.web.servlet.TestDispatcherServlet  : Completed initialization in 1 ms
2025-05-01T06:27:11.400+03:00  INFO 5319 --- [med-lab-final] [main] o.j.m.c.AppointmentControllerTest        : Started AppointmentControllerTest in 2.105 seconds (process running for 2.648)
2025-05-01T06:27:11.557+03:00  INFO 5319 --- [med-lab-final] [main] o.j.medlabfinal.aspect.LoggingAspect     : Виклик методу: save
2025-05-01T06:27:11.587+03:00  INFO 5319 --- [med-lab-final] [main] o.j.medlabfinal.aspect.LoggingAspect     : Виклик методу: save
2025-05-01T06:27:11.606+03:00  INFO 5319 --- [med-lab-final] [main] o.j.medlabfinal.aspect.LoggingAspect     : Виклик методу: findAll
2025-05-01T06:27:11.825+03:00  INFO 5319 --- [med-lab-final] [main] o.j.medlabfinal.aspect.LoggingAspect     : Виклик методу: save
2025-05-01T06:27:11.827+03:00  INFO 5319 --- [med-lab-final] [main] o.j.medlabfinal.aspect.LoggingAspect     : Виклик методу: save
2025-05-01T06:27:11.829+03:00  INFO 5319 --- [med-lab-final] [main] o.j.medlabfinal.aspect.LoggingAspect     : Виклик методу: save
2025-05-01T06:27:11.982+03:00  INFO 5319 --- [med-lab-final] [main] o.j.medlabfinal.aspect.LoggingAspect     : Виклик методу: deleteById
2025-05-01T06:27:11.999+03:00  INFO 5319 --- [med-lab-final] [main] o.j.medlabfinal.aspect.LoggingAspect     : Виклик методу: save
2025-05-01T06:27:12.001+03:00  INFO 5319 --- [med-lab-final] [main] o.j.medlabfinal.aspect.LoggingAspect     : Виклик методу: save
2025-05-01T06:27:12.014+03:00  INFO 5319 --- [med-lab-final] [main] o.j.medlabfinal.aspect.LoggingAspect     : Виклик методу: findAll
2025-05-01T06:27:12.025+03:00  INFO 5319 --- [med-lab-final] [main] o.j.medlabfinal.aspect.LoggingAspect     : Виклик методу: save
2025-05-01T06:27:12.026+03:00  INFO 5319 --- [med-lab-final] [main] o.j.medlabfinal.aspect.LoggingAspect     : Виклик методу: save
2025-05-01T06:27:12.034+03:00  INFO 5319 --- [med-lab-final] [main] o.j.medlabfinal.aspect.LoggingAspect     : Виклик методу: save
2025-05-01T06:27:12.036+03:00  INFO 5319 --- [med-lab-final] [main] o.j.medlabfinal.aspect.LoggingAspect     : Виклик методу: sendConfirmation
2025-05-01T06:27:14.535+03:00  INFO 5319 --- [med-lab-final] [SpringApplicationShutdownHook] j.LocalContainerEntityManagerFactoryBean : Closing JPA EntityManagerFactory for persistence unit 'default'
2025-05-01T06:27:14.536+03:00  INFO 5319 --- [med-lab-final] [SpringApplicationShutdownHook] com.zaxxer.hikari.HikariDataSource       : HikariPool-1 - Shutdown initiated...
2025-05-01T06:27:14.540+03:00  INFO 5319 --- [med-lab-final] [SpringApplicationShutdownHook] com.zaxxer.hikari.HikariDataSource       : HikariPool-1 - Shutdown completed.
2025-05-01T06:28:44.994+03:00  INFO 5350 --- [med-lab-final] [main] o.j.m.MedLabFinalApplicationTests        : Starting MedLabFinalApplicationTests using Java 18.0.2 with PID 5350 (started by kravchuk in /Volumes/Other/JavaProj/med-lab-final)
2025-05-01T06:28:44.994+03:00  INFO 5350 --- [med-lab-final] [main] o.j.m.MedLabFinalApplicationTests        : No active profile set, falling back to 1 default profile: "default"
2025-05-01T06:28:45.271+03:00  INFO 5350 --- [med-lab-final] [main] .s.d.r.c.RepositoryConfigurationDelegate : Bootstrapping Spring Data JPA repositories in DEFAULT mode.
2025-05-01T06:28:45.294+03:00  INFO 5350 --- [med-lab-final] [main] .s.d.r.c.RepositoryConfigurationDelegate : Finished Spring Data repository scanning in 18 ms. Found 3 JPA repository interfaces.
2025-05-01T06:28:45.512+03:00  INFO 5350 --- [med-lab-final] [main] o.hibernate.jpa.internal.util.LogHelper  : HHH000204: Processing PersistenceUnitInfo [name: default]
2025-05-01T06:28:45.541+03:00  INFO 5350 --- [med-lab-final] [main] org.hibernate.Version                    : HHH000412: Hibernate ORM core version 6.6.11.Final
2025-05-01T06:28:45.555+03:00  INFO 5350 --- [med-lab-final] [main] o.h.c.internal.RegionFactoryInitiator    : HHH000026: Second-level cache disabled
2025-05-01T06:28:45.678+03:00  INFO 5350 --- [med-lab-final] [main] o.s.o.j.p.SpringPersistenceUnitInfo      : No LoadTimeWeaver setup: ignoring JPA class transformer
2025-05-01T06:28:45.691+03:00  INFO 5350 --- [med-lab-final] [main] com.zaxxer.hikari.HikariDataSource       : HikariPool-1 - Starting...
2025-05-01T06:28:45.834+03:00  INFO 5350 --- [med-lab-final] [main] com.zaxxer.hikari.pool.HikariPool        : HikariPool-1 - Added connection com.mysql.cj.jdbc.ConnectionImpl@42b4df5a
2025-05-01T06:28:45.836+03:00  INFO 5350 --- [med-lab-final] [main] com.zaxxer.hikari.HikariDataSource       : HikariPool-1 - Start completed.
2025-05-01T06:28:45.878+03:00  INFO 5350 --- [med-lab-final] [main] org.hibernate.orm.connections.pooling    : HHH10001005: Database info:
	Database JDBC URL [Connecting through datasource 'HikariDataSource (HikariPool-1)']
	Database driver: undefined/unknown
	Database version: 8.0.40
	Autocommit mode: undefined/unknown
	Isolation level: undefined/unknown
	Minimum pool size: undefined/unknown
	Maximum pool size: undefined/unknown
2025-05-01T06:28:46.288+03:00  INFO 5350 --- [med-lab-final] [main] o.h.e.t.j.p.i.JtaPlatformInitiator       : HHH000489: No JTA platform available (set 'hibernate.transaction.jta.platform' to enable JTA platform integration)
2025-05-01T06:28:46.325+03:00  INFO 5350 --- [med-lab-final] [main] j.LocalContainerEntityManagerFactoryBean : Initialized JPA EntityManagerFactory for persistence unit 'default'
2025-05-01T06:28:46.645+03:00  WARN 5350 --- [med-lab-final] [main] JpaBaseConfiguration$JpaWebConfiguration : spring.jpa.open-in-view is enabled by default. Therefore, database queries may be performed during view rendering. Explicitly configure spring.jpa.open-in-view to disable this warning
2025-05-01T06:28:46.864+03:00  INFO 5350 --- [med-lab-final] [main] o.j.m.MedLabFinalApplicationTests        : Started MedLabFinalApplicationTests in 2.002 seconds (process running for 2.435)
2025-05-01T06:28:47.027+03:00  INFO 5350 --- [med-lab-final] [SpringApplicationShutdownHook] j.LocalContainerEntityManagerFactoryBean : Closing JPA EntityManagerFactory for persistence unit 'default'
2025-05-01T06:28:47.028+03:00  INFO 5350 --- [med-lab-final] [SpringApplicationShutdownHook] com.zaxxer.hikari.HikariDataSource       : HikariPool-1 - Shutdown initiated...
2025-05-01T06:28:47.031+03:00  INFO 5350 --- [med-lab-final] [SpringApplicationShutdownHook] com.zaxxer.hikari.HikariDataSource       : HikariPool-1 - Shutdown completed.
2025-05-01T06:30:26.871+03:00  INFO 5376 --- [med-lab-final] [restartedMain] o.j.medlabfinal.MedLabFinalApplication   : Starting MedLabFinalApplication using Java 18.0.2 with PID 5376 (/Volumes/Other/JavaProj/med-lab-final/target/classes started by kravchuk in /Volumes/Other/JavaProj/med-lab-final)
2025-05-01T06:30:26.872+03:00  INFO 5376 --- [med-lab-final] [restartedMain] o.j.medlabfinal.MedLabFinalApplication   : No active profile set, falling back to 1 default profile: "default"
2025-05-01T06:30:26.890+03:00  INFO 5376 --- [med-lab-final] [restartedMain] .e.DevToolsPropertyDefaultsPostProcessor : Devtools property defaults active! Set 'spring.devtools.add-properties' to 'false' to disable
2025-05-01T06:30:26.890+03:00  INFO 5376 --- [med-lab-final] [restartedMain] .e.DevToolsPropertyDefaultsPostProcessor : For additional web related logging consider setting the 'logging.level.web' property to 'DEBUG'
2025-05-01T06:30:27.145+03:00  INFO 5376 --- [med-lab-final] [restartedMain] .s.d.r.c.RepositoryConfigurationDelegate : Bootstrapping Spring Data JPA repositories in DEFAULT mode.
2025-05-01T06:30:27.168+03:00  INFO 5376 --- [med-lab-final] [restartedMain] .s.d.r.c.RepositoryConfigurationDelegate : Finished Spring Data repository scanning in 19 ms. Found 3 JPA repository interfaces.
2025-05-01T06:30:27.419+03:00  INFO 5376 --- [med-lab-final] [restartedMain] o.s.b.w.embedded.tomcat.TomcatWebServer  : Tomcat initialized with port 8080 (http)
2025-05-01T06:30:27.425+03:00  INFO 5376 --- [med-lab-final] [restartedMain] o.apache.catalina.core.StandardService   : Starting service [Tomcat]
2025-05-01T06:30:27.425+03:00  INFO 5376 --- [med-lab-final] [restartedMain] o.apache.catalina.core.StandardEngine    : Starting Servlet engine: [Apache Tomcat/10.1.39]
2025-05-01T06:30:27.438+03:00  INFO 5376 --- [med-lab-final] [restartedMain] o.a.c.c.C.[Tomcat].[localhost].[/]       : Initializing Spring embedded WebApplicationContext
2025-05-01T06:30:27.438+03:00  INFO 5376 --- [med-lab-final] [restartedMain] w.s.c.ServletWebServerApplicationContext : Root WebApplicationContext: initialization completed in 548 ms
2025-05-01T06:30:27.506+03:00  INFO 5376 --- [med-lab-final] [restartedMain] o.hibernate.jpa.internal.util.LogHelper  : HHH000204: Processing PersistenceUnitInfo [name: default]
2025-05-01T06:30:27.533+03:00  INFO 5376 --- [med-lab-final] [restartedMain] org.hibernate.Version                    : HHH000412: Hibernate ORM core version 6.6.11.Final
2025-05-01T06:30:27.548+03:00  INFO 5376 --- [med-lab-final] [restartedMain] o.h.c.internal.RegionFactoryInitiator    : HHH000026: Second-level cache disabled
2025-05-01T06:30:27.666+03:00  INFO 5376 --- [med-lab-final] [restartedMain] o.s.o.j.p.SpringPersistenceUnitInfo      : No LoadTimeWeaver setup: ignoring JPA class transformer
2025-05-01T06:30:27.679+03:00  INFO 5376 --- [med-lab-final] [restartedMain] com.zaxxer.hikari.HikariDataSource       : HikariPool-1 - Starting...
2025-05-01T06:30:27.806+03:00  INFO 5376 --- [med-lab-final] [restartedMain] com.zaxxer.hikari.pool.HikariPool        : HikariPool-1 - Added connection com.mysql.cj.jdbc.ConnectionImpl@10955e98
2025-05-01T06:30:27.806+03:00  INFO 5376 --- [med-lab-final] [restartedMain] com.zaxxer.hikari.HikariDataSource       : HikariPool-1 - Start completed.
2025-05-01T06:30:27.841+03:00  INFO 5376 --- [med-lab-final] [restartedMain] org.hibernate.orm.connections.pooling    : HHH10001005: Database info:
	Database JDBC URL [Connecting through datasource 'HikariDataSource (HikariPool-1)']
	Database driver: undefined/unknown
	Database version: 8.0.40
	Autocommit mode: undefined/unknown
	Isolation level: undefined/unknown
	Minimum pool size: undefined/unknown
	Maximum pool size: undefined/unknown
2025-05-01T06:30:28.224+03:00  INFO 5376 --- [med-lab-final] [restartedMain] o.h.e.t.j.p.i.JtaPlatformInitiator       : HHH000489: No JTA platform available (set 'hibernate.transaction.jta.platform' to enable JTA platform integration)
2025-05-01T06:30:28.255+03:00  INFO 5376 --- [med-lab-final] [restartedMain] j.LocalContainerEntityManagerFactoryBean : Initialized JPA EntityManagerFactory for persistence unit 'default'
2025-05-01T06:30:28.490+03:00  WARN 5376 --- [med-lab-final] [restartedMain] JpaBaseConfiguration$JpaWebConfiguration : spring.jpa.open-in-view is enabled by default. Therefore, database queries may be performed during view rendering. Explicitly configure spring.jpa.open-in-view to disable this warning
2025-05-01T06:30:28.707+03:00  INFO 5376 --- [med-lab-final] [restartedMain] o.s.b.d.a.OptionalLiveReloadServer       : LiveReload server is running on port 35729
2025-05-01T06:30:28.723+03:00  INFO 5376 --- [med-lab-final] [restartedMain] o.s.b.w.embedded.tomcat.TomcatWebServer  : Tomcat started on port 8080 (http) with context path '/'
2025-05-01T06:30:28.728+03:00  INFO 5376 --- [med-lab-final] [restartedMain] o.j.medlabfinal.MedLabFinalApplication   : Started MedLabFinalApplication in 2.038 seconds (process running for 2.342)
2025-05-01T06:30:32.854+03:00  INFO 5376 --- [med-lab-final] [http-nio-8080-exec-1] o.a.c.c.C.[Tomcat].[localhost].[/]       : Initializing Spring DispatcherServlet 'dispatcherServlet'
2025-05-01T06:30:32.855+03:00  INFO 5376 --- [med-lab-final] [http-nio-8080-exec-1] o.s.web.servlet.DispatcherServlet        : Initializing Servlet 'dispatcherServlet'
2025-05-01T06:30:32.858+03:00  INFO 5376 --- [med-lab-final] [http-nio-8080-exec-1] o.s.web.servlet.DispatcherServlet        : Completed initialization in 3 ms
2025-05-01T06:30:40.627+03:00  INFO 5376 --- [med-lab-final] [http-nio-8080-exec-4] o.j.medlabfinal.aspect.LoggingAspect     : Виклик методу: findAll
2025-05-01T06:30:47.301+03:00  INFO 5376 --- [med-lab-final] [http-nio-8080-exec-8] o.j.medlabfinal.aspect.LoggingAspect     : Виклик методу: findAll
2025-05-01T06:31:02.287+03:00  INFO 5376 --- [med-lab-final] [http-nio-8080-exec-7] o.j.medlabfinal.aspect.LoggingAspect     : Виклик методу: findAll
2025-05-01T06:31:14.821+03:00  INFO 5376 --- [med-lab-final] [http-nio-8080-exec-1] o.j.medlabfinal.aspect.LoggingAspect     : Виклик методу: findAll
2025-05-01T06:31:23.471+03:00  INFO 5376 --- [med-lab-final] [http-nio-8080-exec-8] o.j.medlabfinal.aspect.LoggingAspect     : Виклик методу: findAllPaginated
2025-05-01T06:33:27.125+03:00  INFO 5376 --- [med-lab-final] [http-nio-8080-exec-8] o.j.medlabfinal.aspect.LoggingAspect     : Виклик методу: findAll
2025-05-01T06:33:38.979+03:00  INFO 5376 --- [med-lab-final] [http-nio-8080-exec-2] o.j.medlabfinal.aspect.LoggingAspect     : Виклик методу: save
2025-05-01T06:33:39.011+03:00  INFO 5376 --- [med-lab-final] [http-nio-8080-exec-3] o.j.medlabfinal.aspect.LoggingAspect     : Виклик методу: findAll
2025-05-01T06:33:42.790+03:00  INFO 5376 --- [med-lab-final] [http-nio-8080-exec-7] o.j.medlabfinal.aspect.LoggingAspect     : Виклик методу: findAll
2025-05-01T06:33:57.584+03:00  INFO 5376 --- [med-lab-final] [http-nio-8080-exec-9] o.j.medlabfinal.aspect.LoggingAspect     : Виклик методу: getTakenTimesByDate
2025-05-01T06:34:01.172+03:00  INFO 5376 --- [med-lab-final] [http-nio-8080-exec-10] o.j.medlabfinal.aspect.LoggingAspect     : Виклик методу: save
2025-05-01T06:34:01.188+03:00  INFO 5376 --- [med-lab-final] [http-nio-8080-exec-10] o.j.medlabfinal.aspect.LoggingAspect     : Виклик методу: sendConfirmation
2025-05-01T06:34:02.811+03:00  INFO 5376 --- [med-lab-final] [http-nio-8080-exec-1] o.j.medlabfinal.aspect.LoggingAspect     : Виклик методу: findAll
2025-05-01T06:34:13.668+03:00  INFO 5376 --- [med-lab-final] [http-nio-8080-exec-10] o.j.medlabfinal.aspect.LoggingAspect     : Виклик методу: findAllPaginated
2025-05-01T06:35:00.887+03:00  INFO 5435 --- [med-lab-final] [main] o.j.m.c.AppointmentControllerTest        : Starting AppointmentControllerTest using Java 18.0.2 with PID 5435 (started by kravchuk in /Volumes/Other/JavaProj/med-lab-final)
2025-05-01T06:35:00.888+03:00  INFO 5435 --- [med-lab-final] [main] o.j.m.c.AppointmentControllerTest        : No active profile set, falling back to 1 default profile: "default"
2025-05-01T06:35:01.158+03:00  INFO 5435 --- [med-lab-final] [main] .s.d.r.c.RepositoryConfigurationDelegate : Bootstrapping Spring Data JPA repositories in DEFAULT mode.
2025-05-01T06:35:01.180+03:00  INFO 5435 --- [med-lab-final] [main] .s.d.r.c.RepositoryConfigurationDelegate : Finished Spring Data repository scanning in 17 ms. Found 3 JPA repository interfaces.
2025-05-01T06:35:01.397+03:00  INFO 5435 --- [med-lab-final] [main] o.hibernate.jpa.internal.util.LogHelper  : HHH000204: Processing PersistenceUnitInfo [name: default]
2025-05-01T06:35:01.425+03:00  INFO 5435 --- [med-lab-final] [main] org.hibernate.Version                    : HHH000412: Hibernate ORM core version 6.6.11.Final
2025-05-01T06:35:01.439+03:00  INFO 5435 --- [med-lab-final] [main] o.h.c.internal.RegionFactoryInitiator    : HHH000026: Second-level cache disabled
2025-05-01T06:35:01.561+03:00  INFO 5435 --- [med-lab-final] [main] o.s.o.j.p.SpringPersistenceUnitInfo      : No LoadTimeWeaver setup: ignoring JPA class transformer
2025-05-01T06:35:01.574+03:00  INFO 5435 --- [med-lab-final] [main] com.zaxxer.hikari.HikariDataSource       : HikariPool-1 - Starting...
2025-05-01T06:35:01.739+03:00  INFO 5435 --- [med-lab-final] [main] com.zaxxer.hikari.pool.HikariPool        : HikariPool-1 - Added connection com.mysql.cj.jdbc.ConnectionImpl@4571cebe
2025-05-01T06:35:01.740+03:00  INFO 5435 --- [med-lab-final] [main] com.zaxxer.hikari.HikariDataSource       : HikariPool-1 - Start completed.
2025-05-01T06:35:01.778+03:00  INFO 5435 --- [med-lab-final] [main] org.hibernate.orm.connections.pooling    : HHH10001005: Database info:
	Database JDBC URL [Connecting through datasource 'HikariDataSource (HikariPool-1)']
	Database driver: undefined/unknown
	Database version: 8.0.40
	Autocommit mode: undefined/unknown
	Isolation level: undefined/unknown
	Minimum pool size: undefined/unknown
	Maximum pool size: undefined/unknown
2025-05-01T06:35:02.185+03:00  INFO 5435 --- [med-lab-final] [main] o.h.e.t.j.p.i.JtaPlatformInitiator       : HHH000489: No JTA platform available (set 'hibernate.transaction.jta.platform' to enable JTA platform integration)
2025-05-01T06:35:02.223+03:00  INFO 5435 --- [med-lab-final] [main] j.LocalContainerEntityManagerFactoryBean : Initialized JPA EntityManagerFactory for persistence unit 'default'
2025-05-01T06:35:02.541+03:00  WARN 5435 --- [med-lab-final] [main] JpaBaseConfiguration$JpaWebConfiguration : spring.jpa.open-in-view is enabled by default. Therefore, database queries may be performed during view rendering. Explicitly configure spring.jpa.open-in-view to disable this warning
2025-05-01T06:35:02.746+03:00  INFO 5435 --- [med-lab-final] [main] o.s.b.t.m.w.SpringBootMockServletContext : Initializing Spring TestDispatcherServlet ''
2025-05-01T06:35:02.746+03:00  INFO 5435 --- [med-lab-final] [main] o.s.t.web.servlet.TestDispatcherServlet  : Initializing Servlet ''
2025-05-01T06:35:02.746+03:00  INFO 5435 --- [med-lab-final] [main] o.s.t.web.servlet.TestDispatcherServlet  : Completed initialization in 0 ms
2025-05-01T06:35:02.761+03:00  INFO 5435 --- [med-lab-final] [main] o.j.m.c.AppointmentControllerTest        : Started AppointmentControllerTest in 2.009 seconds (process running for 2.616)
2025-05-01T06:35:02.930+03:00  INFO 5435 --- [med-lab-final] [main] o.j.medlabfinal.aspect.LoggingAspect     : Виклик методу: save
2025-05-01T06:35:02.955+03:00  INFO 5435 --- [med-lab-final] [main] o.j.medlabfinal.aspect.LoggingAspect     : Виклик методу: save
2025-05-01T06:35:02.974+03:00  INFO 5435 --- [med-lab-final] [main] o.j.medlabfinal.aspect.LoggingAspect     : Виклик методу: findAll
2025-05-01T06:35:03.173+03:00  INFO 5435 --- [med-lab-final] [main] o.j.medlabfinal.aspect.LoggingAspect     : Виклик методу: save
2025-05-01T06:35:03.175+03:00  INFO 5435 --- [med-lab-final] [main] o.j.medlabfinal.aspect.LoggingAspect     : Виклик методу: save
2025-05-01T06:35:03.194+03:00  INFO 5435 --- [med-lab-final] [main] o.j.medlabfinal.aspect.LoggingAspect     : Виклик методу: findAll
2025-05-01T06:35:03.206+03:00  INFO 5435 --- [med-lab-final] [main] o.j.medlabfinal.aspect.LoggingAspect     : Виклик методу: save
2025-05-01T06:35:03.207+03:00  INFO 5435 --- [med-lab-final] [main] o.j.medlabfinal.aspect.LoggingAspect     : Виклик методу: save
2025-05-01T06:35:03.319+03:00  INFO 5435 --- [med-lab-final] [main] o.j.medlabfinal.aspect.LoggingAspect     : Виклик методу: save
2025-05-01T06:35:03.324+03:00  INFO 5435 --- [med-lab-final] [main] o.j.medlabfinal.aspect.LoggingAspect     : Виклик методу: sendConfirmation
2025-05-01T06:35:04.972+03:00  INFO 5435 --- [med-lab-final] [main] o.j.medlabfinal.aspect.LoggingAspect     : Виклик методу: save
2025-05-01T06:35:04.974+03:00  INFO 5435 --- [med-lab-final] [main] o.j.medlabfinal.aspect.LoggingAspect     : Виклик методу: save
2025-05-01T06:35:04.976+03:00  INFO 5435 --- [med-lab-final] [main] o.j.medlabfinal.aspect.LoggingAspect     : Виклик методу: save
2025-05-01T06:35:05.000+03:00  INFO 5435 --- [med-lab-final] [main] o.j.medlabfinal.aspect.LoggingAspect     : Виклик методу: deleteById
2025-05-01T06:35:05.011+03:00  INFO 5435 --- [med-lab-final] [SpringApplicationShutdownHook] j.LocalContainerEntityManagerFactoryBean : Closing JPA EntityManagerFactory for persistence unit 'default'
2025-05-01T06:35:05.012+03:00  INFO 5435 --- [med-lab-final] [SpringApplicationShutdownHook] com.zaxxer.hikari.HikariDataSource       : HikariPool-1 - Shutdown initiated...
2025-05-01T06:35:05.014+03:00  INFO 5435 --- [med-lab-final] [SpringApplicationShutdownHook] com.zaxxer.hikari.HikariDataSource       : HikariPool-1 - Shutdown completed.
2025-05-01T06:35:12.345+03:00  INFO 5376 --- [med-lab-final] [http-nio-8080-exec-4] o.j.medlabfinal.aspect.LoggingAspect     : Виклик методу: findAll
2025-05-01T06:35:17.421+03:00  INFO 5376 --- [med-lab-final] [http-nio-8080-exec-6] o.j.medlabfinal.aspect.LoggingAspect     : Виклик методу: findAll
2025-05-01T06:35:19.698+03:00  INFO 5376 --- [med-lab-final] [http-nio-8080-exec-8] o.j.medlabfinal.aspect.LoggingAspect     : Виклик методу: findAll
2025-05-01T06:35:20.368+03:00  INFO 5376 --- [med-lab-final] [http-nio-8080-exec-10] o.j.medlabfinal.aspect.LoggingAspect     : Виклик методу: findAll
2025-05-01T06:35:26.824+03:00  INFO 5468 --- [med-lab-final] [main] o.j.m.c.MedicalAnalysisControllerTest    : Starting MedicalAnalysisControllerTest using Java 18.0.2 with PID 5468 (started by kravchuk in /Volumes/Other/JavaProj/med-lab-final)
2025-05-01T06:35:26.825+03:00  INFO 5468 --- [med-lab-final] [main] o.j.m.c.MedicalAnalysisControllerTest    : No active profile set, falling back to 1 default profile: "default"
2025-05-01T06:35:27.089+03:00  INFO 5468 --- [med-lab-final] [main] .s.d.r.c.RepositoryConfigurationDelegate : Bootstrapping Spring Data JPA repositories in DEFAULT mode.
2025-05-01T06:35:27.113+03:00  INFO 5468 --- [med-lab-final] [main] .s.d.r.c.RepositoryConfigurationDelegate : Finished Spring Data repository scanning in 19 ms. Found 3 JPA repository interfaces.
2025-05-01T06:35:27.337+03:00  INFO 5468 --- [med-lab-final] [main] o.hibernate.jpa.internal.util.LogHelper  : HHH000204: Processing PersistenceUnitInfo [name: default]
2025-05-01T06:35:27.358+03:00  INFO 5468 --- [med-lab-final] [main] org.hibernate.Version                    : HHH000412: Hibernate ORM core version 6.6.11.Final
2025-05-01T06:35:27.369+03:00  INFO 5468 --- [med-lab-final] [main] o.h.c.internal.RegionFactoryInitiator    : HHH000026: Second-level cache disabled
2025-05-01T06:35:27.482+03:00  INFO 5468 --- [med-lab-final] [main] o.s.o.j.p.SpringPersistenceUnitInfo      : No LoadTimeWeaver setup: ignoring JPA class transformer
2025-05-01T06:35:27.494+03:00  INFO 5468 --- [med-lab-final] [main] com.zaxxer.hikari.HikariDataSource       : HikariPool-1 - Starting...
2025-05-01T06:35:27.632+03:00  INFO 5468 --- [med-lab-final] [main] com.zaxxer.hikari.pool.HikariPool        : HikariPool-1 - Added connection com.mysql.cj.jdbc.ConnectionImpl@6dc2279c
2025-05-01T06:35:27.633+03:00  INFO 5468 --- [med-lab-final] [main] com.zaxxer.hikari.HikariDataSource       : HikariPool-1 - Start completed.
2025-05-01T06:35:27.675+03:00  INFO 5468 --- [med-lab-final] [main] org.hibernate.orm.connections.pooling    : HHH10001005: Database info:
	Database JDBC URL [Connecting through datasource 'HikariDataSource (HikariPool-1)']
	Database driver: undefined/unknown
	Database version: 8.0.40
	Autocommit mode: undefined/unknown
	Isolation level: undefined/unknown
	Minimum pool size: undefined/unknown
	Maximum pool size: undefined/unknown
2025-05-01T06:35:28.053+03:00  INFO 5468 --- [med-lab-final] [main] o.h.e.t.j.p.i.JtaPlatformInitiator       : HHH000489: No JTA platform available (set 'hibernate.transaction.jta.platform' to enable JTA platform integration)
2025-05-01T06:35:28.086+03:00  INFO 5468 --- [med-lab-final] [main] j.LocalContainerEntityManagerFactoryBean : Initialized JPA EntityManagerFactory for persistence unit 'default'
2025-05-01T06:35:28.386+03:00  WARN 5468 --- [med-lab-final] [main] JpaBaseConfiguration$JpaWebConfiguration : spring.jpa.open-in-view is enabled by default. Therefore, database queries may be performed during view rendering. Explicitly configure spring.jpa.open-in-view to disable this warning
2025-05-01T06:35:28.610+03:00  INFO 5468 --- [med-lab-final] [main] o.s.b.t.m.w.SpringBootMockServletContext : Initializing Spring TestDispatcherServlet ''
2025-05-01T06:35:28.611+03:00  INFO 5468 --- [med-lab-final] [main] o.s.t.web.servlet.TestDispatcherServlet  : Initializing Servlet ''
2025-05-01T06:35:28.611+03:00  INFO 5468 --- [med-lab-final] [main] o.s.t.web.servlet.TestDispatcherServlet  : Completed initialization in 0 ms
2025-05-01T06:35:28.625+03:00  INFO 5468 --- [med-lab-final] [main] o.j.m.c.MedicalAnalysisControllerTest    : Started MedicalAnalysisControllerTest in 1.923 seconds (process running for 2.455)
2025-05-01T06:35:28.850+03:00  WARN 5468 --- [med-lab-final] [main] o.h.engine.jdbc.spi.SqlExceptionHelper   : SQL Error: 1451, SQLState: 23000
2025-05-01T06:35:28.850+03:00 ERROR 5468 --- [med-lab-final] [main] o.h.engine.jdbc.spi.SqlExceptionHelper   : Cannot delete or update a parent row: a foreign key constraint fails (`test_lab`.`appointment_analysis`, CONSTRAINT `FKthd7dpt395atwt8bltuk5e9m4` FOREIGN KEY (`medical_analysis_id`) REFERENCES `medical_analysis` (`id`))
2025-05-01T06:35:28.926+03:00  INFO 5468 --- [med-lab-final] [main] o.j.medlabfinal.aspect.LoggingAspect     : Виклик методу: findById
2025-05-01T06:35:28.933+03:00  INFO 5468 --- [med-lab-final] [main] o.j.medlabfinal.aspect.LoggingAspect     : Виклик методу: save
2025-05-01T06:35:28.967+03:00  INFO 5468 --- [med-lab-final] [main] o.j.medlabfinal.aspect.LoggingAspect     : Виклик методу: searchByName
2025-05-01T06:35:29.152+03:00  INFO 5468 --- [med-lab-final] [main] o.j.medlabfinal.aspect.LoggingAspect     : Виклик методу: save
2025-05-01T06:35:29.301+03:00  INFO 5468 --- [med-lab-final] [main] o.j.medlabfinal.aspect.LoggingAspect     : Виклик методу: findAll
2025-05-01T06:35:29.313+03:00  INFO 5468 --- [med-lab-final] [SpringApplicationShutdownHook] j.LocalContainerEntityManagerFactoryBean : Closing JPA EntityManagerFactory for persistence unit 'default'
2025-05-01T06:35:29.314+03:00  INFO 5468 --- [med-lab-final] [SpringApplicationShutdownHook] com.zaxxer.hikari.HikariDataSource       : HikariPool-1 - Shutdown initiated...
2025-05-01T06:35:29.321+03:00  INFO 5468 --- [med-lab-final] [SpringApplicationShutdownHook] com.zaxxer.hikari.HikariDataSource       : HikariPool-1 - Shutdown completed.
2025-05-01T06:35:40.252+03:00  INFO 5376 --- [med-lab-final] [http-nio-8080-exec-2] o.j.medlabfinal.aspect.LoggingAspect     : Виклик методу: findAll
2025-05-01T06:35:41.085+03:00  INFO 5376 --- [med-lab-final] [http-nio-8080-exec-4] o.j.medlabfinal.aspect.LoggingAspect     : Виклик методу: findAll
2025-05-01T06:37:54.584+03:00  INFO 5376 --- [med-lab-final] [File Watcher] rtingClassPathChangeChangedEventListener : Restarting due to 1 class path change (1 addition, 0 deletions, 0 modifications)
2025-05-01T06:37:54.602+03:00  INFO 5376 --- [med-lab-final] [Thread-5] o.s.b.w.e.tomcat.GracefulShutdown        : Commencing graceful shutdown. Waiting for active requests to complete
2025-05-01T06:37:54.606+03:00  INFO 5376 --- [med-lab-final] [tomcat-shutdown] o.s.b.w.e.tomcat.GracefulShutdown        : Graceful shutdown complete
2025-05-01T06:37:54.611+03:00  INFO 5376 --- [med-lab-final] [Thread-5] j.LocalContainerEntityManagerFactoryBean : Closing JPA EntityManagerFactory for persistence unit 'default'
2025-05-01T06:37:54.615+03:00  INFO 5376 --- [med-lab-final] [Thread-5] com.zaxxer.hikari.HikariDataSource       : HikariPool-1 - Shutdown initiated...
2025-05-01T06:37:54.620+03:00  INFO 5376 --- [med-lab-final] [Thread-5] com.zaxxer.hikari.HikariDataSource       : HikariPool-1 - Shutdown completed.
2025-05-01T06:37:54.685+03:00  INFO 5376 --- [med-lab-final] [restartedMain] o.j.medlabfinal.MedLabFinalApplication   : Starting MedLabFinalApplication using Java 18.0.2 with PID 5376 (/Volumes/Other/JavaProj/med-lab-final/target/classes started by kravchuk in /Volumes/Other/JavaProj/med-lab-final)
2025-05-01T06:37:54.685+03:00  INFO 5376 --- [med-lab-final] [restartedMain] o.j.medlabfinal.MedLabFinalApplication   : No active profile set, falling back to 1 default profile: "default"
2025-05-01T06:37:54.748+03:00  INFO 5376 --- [med-lab-final] [restartedMain] .s.d.r.c.RepositoryConfigurationDelegate : Bootstrapping Spring Data JPA repositories in DEFAULT mode.
2025-05-01T06:37:54.752+03:00  INFO 5376 --- [med-lab-final] [restartedMain] .s.d.r.c.RepositoryConfigurationDelegate : Finished Spring Data repository scanning in 3 ms. Found 3 JPA repository interfaces.
2025-05-01T06:37:54.826+03:00  INFO 5376 --- [med-lab-final] [restartedMain] o.s.b.w.embedded.tomcat.TomcatWebServer  : Tomcat initialized with port 8080 (http)
2025-05-01T06:37:54.827+03:00  INFO 5376 --- [med-lab-final] [restartedMain] o.apache.catalina.core.StandardService   : Starting service [Tomcat]
2025-05-01T06:37:54.828+03:00  INFO 5376 --- [med-lab-final] [restartedMain] o.apache.catalina.core.StandardEngine    : Starting Servlet engine: [Apache Tomcat/10.1.39]
2025-05-01T06:37:54.833+03:00  INFO 5376 --- [med-lab-final] [restartedMain] o.a.c.c.C.[Tomcat].[localhost].[/]       : Initializing Spring embedded WebApplicationContext
2025-05-01T06:37:54.833+03:00  INFO 5376 --- [med-lab-final] [restartedMain] w.s.c.ServletWebServerApplicationContext : Root WebApplicationContext: initialization completed in 147 ms
2025-05-01T06:37:54.862+03:00  INFO 5376 --- [med-lab-final] [restartedMain] o.hibernate.jpa.internal.util.LogHelper  : HHH000204: Processing PersistenceUnitInfo [name: default]
2025-05-01T06:37:54.864+03:00  INFO 5376 --- [med-lab-final] [restartedMain] o.h.c.internal.RegionFactoryInitiator    : HHH000026: Second-level cache disabled
2025-05-01T06:37:54.868+03:00  INFO 5376 --- [med-lab-final] [restartedMain] o.s.o.j.p.SpringPersistenceUnitInfo      : No LoadTimeWeaver setup: ignoring JPA class transformer
2025-05-01T06:37:54.869+03:00  INFO 5376 --- [med-lab-final] [restartedMain] com.zaxxer.hikari.HikariDataSource       : HikariPool-2 - Starting...
2025-05-01T06:37:54.880+03:00  INFO 5376 --- [med-lab-final] [restartedMain] com.zaxxer.hikari.pool.HikariPool        : HikariPool-2 - Added connection com.mysql.cj.jdbc.ConnectionImpl@2bd58e51
2025-05-01T06:37:54.880+03:00  INFO 5376 --- [med-lab-final] [restartedMain] com.zaxxer.hikari.HikariDataSource       : HikariPool-2 - Start completed.
2025-05-01T06:37:54.880+03:00  INFO 5376 --- [med-lab-final] [restartedMain] org.hibernate.orm.connections.pooling    : HHH10001005: Database info:
	Database JDBC URL [Connecting through datasource 'HikariDataSource (HikariPool-2)']
	Database driver: undefined/unknown
	Database version: 8.0.40
	Autocommit mode: undefined/unknown
	Isolation level: undefined/unknown
	Minimum pool size: undefined/unknown
	Maximum pool size: undefined/unknown
2025-05-01T06:37:54.913+03:00  INFO 5376 --- [med-lab-final] [restartedMain] o.h.e.t.j.p.i.JtaPlatformInitiator       : HHH000489: No JTA platform available (set 'hibernate.transaction.jta.platform' to enable JTA platform integration)
2025-05-01T06:37:54.930+03:00  INFO 5376 --- [med-lab-final] [restartedMain] j.LocalContainerEntityManagerFactoryBean : Initialized JPA EntityManagerFactory for persistence unit 'default'
2025-05-01T06:37:55.030+03:00  WARN 5376 --- [med-lab-final] [restartedMain] JpaBaseConfiguration$JpaWebConfiguration : spring.jpa.open-in-view is enabled by default. Therefore, database queries may be performed during view rendering. Explicitly configure spring.jpa.open-in-view to disable this warning
2025-05-01T06:37:55.149+03:00  INFO 5376 --- [med-lab-final] [restartedMain] o.s.b.d.a.OptionalLiveReloadServer       : LiveReload server is running on port 35729
2025-05-01T06:37:55.156+03:00  INFO 5376 --- [med-lab-final] [restartedMain] o.s.b.w.embedded.tomcat.TomcatWebServer  : Tomcat started on port 8080 (http) with context path '/'
2025-05-01T06:37:55.159+03:00  INFO 5376 --- [med-lab-final] [restartedMain] o.j.medlabfinal.MedLabFinalApplication   : Started MedLabFinalApplication in 0.486 seconds (process running for 448.77)
2025-05-01T06:37:55.160+03:00  INFO 5376 --- [med-lab-final] [restartedMain] .ConditionEvaluationDeltaLoggingListener : Condition evaluation unchanged
2025-05-01T06:39:38.699+03:00  INFO 5376 --- [med-lab-final] [File Watcher] rtingClassPathChangeChangedEventListener : Restarting due to 1 class path change (0 additions, 0 deletions, 1 modification)
2025-05-01T06:39:38.715+03:00  INFO 5376 --- [med-lab-final] [Thread-7] o.s.b.w.e.tomcat.GracefulShutdown        : Commencing graceful shutdown. Waiting for active requests to complete
2025-05-01T06:39:38.719+03:00  INFO 5376 --- [med-lab-final] [tomcat-shutdown] o.s.b.w.e.tomcat.GracefulShutdown        : Graceful shutdown complete
2025-05-01T06:39:38.723+03:00  INFO 5376 --- [med-lab-final] [Thread-7] j.LocalContainerEntityManagerFactoryBean : Closing JPA EntityManagerFactory for persistence unit 'default'
2025-05-01T06:39:38.725+03:00  INFO 5376 --- [med-lab-final] [Thread-7] com.zaxxer.hikari.HikariDataSource       : HikariPool-2 - Shutdown initiated...
2025-05-01T06:39:38.735+03:00  INFO 5376 --- [med-lab-final] [Thread-7] com.zaxxer.hikari.HikariDataSource       : HikariPool-2 - Shutdown completed.
2025-05-01T06:39:38.800+03:00  INFO 5376 --- [med-lab-final] [restartedMain] o.j.medlabfinal.MedLabFinalApplication   : Starting MedLabFinalApplication using Java 18.0.2 with PID 5376 (/Volumes/Other/JavaProj/med-lab-final/target/classes started by kravchuk in /Volumes/Other/JavaProj/med-lab-final)
2025-05-01T06:39:38.801+03:00  INFO 5376 --- [med-lab-final] [restartedMain] o.j.medlabfinal.MedLabFinalApplication   : No active profile set, falling back to 1 default profile: "default"
2025-05-01T06:39:38.858+03:00  INFO 5376 --- [med-lab-final] [restartedMain] .s.d.r.c.RepositoryConfigurationDelegate : Bootstrapping Spring Data JPA repositories in DEFAULT mode.
2025-05-01T06:39:38.862+03:00  INFO 5376 --- [med-lab-final] [restartedMain] .s.d.r.c.RepositoryConfigurationDelegate : Finished Spring Data repository scanning in 3 ms. Found 3 JPA repository interfaces.
2025-05-01T06:39:38.924+03:00  INFO 5376 --- [med-lab-final] [restartedMain] o.s.b.w.embedded.tomcat.TomcatWebServer  : Tomcat initialized with port 8080 (http)
2025-05-01T06:39:38.924+03:00  INFO 5376 --- [med-lab-final] [restartedMain] o.apache.catalina.core.StandardService   : Starting service [Tomcat]
2025-05-01T06:39:38.924+03:00  INFO 5376 --- [med-lab-final] [restartedMain] o.apache.catalina.core.StandardEngine    : Starting Servlet engine: [Apache Tomcat/10.1.39]
2025-05-01T06:39:38.928+03:00  INFO 5376 --- [med-lab-final] [restartedMain] o.a.c.c.C.[Tomcat].[localhost].[/]       : Initializing Spring embedded WebApplicationContext
2025-05-01T06:39:38.928+03:00  INFO 5376 --- [med-lab-final] [restartedMain] w.s.c.ServletWebServerApplicationContext : Root WebApplicationContext: initialization completed in 127 ms
2025-05-01T06:39:38.952+03:00  INFO 5376 --- [med-lab-final] [restartedMain] o.hibernate.jpa.internal.util.LogHelper  : HHH000204: Processing PersistenceUnitInfo [name: default]
2025-05-01T06:39:38.954+03:00  INFO 5376 --- [med-lab-final] [restartedMain] o.h.c.internal.RegionFactoryInitiator    : HHH000026: Second-level cache disabled
2025-05-01T06:39:38.958+03:00  INFO 5376 --- [med-lab-final] [restartedMain] o.s.o.j.p.SpringPersistenceUnitInfo      : No LoadTimeWeaver setup: ignoring JPA class transformer
2025-05-01T06:39:38.958+03:00  INFO 5376 --- [med-lab-final] [restartedMain] com.zaxxer.hikari.HikariDataSource       : HikariPool-3 - Starting...
2025-05-01T06:39:38.971+03:00  INFO 5376 --- [med-lab-final] [restartedMain] com.zaxxer.hikari.pool.HikariPool        : HikariPool-3 - Added connection com.mysql.cj.jdbc.ConnectionImpl@ad0bed9
2025-05-01T06:39:38.971+03:00  INFO 5376 --- [med-lab-final] [restartedMain] com.zaxxer.hikari.HikariDataSource       : HikariPool-3 - Start completed.
2025-05-01T06:39:38.972+03:00  INFO 5376 --- [med-lab-final] [restartedMain] org.hibernate.orm.connections.pooling    : HHH10001005: Database info:
	Database JDBC URL [Connecting through datasource 'HikariDataSource (HikariPool-3)']
	Database driver: undefined/unknown
	Database version: 8.0.40
	Autocommit mode: undefined/unknown
	Isolation level: undefined/unknown
	Minimum pool size: undefined/unknown
	Maximum pool size: undefined/unknown
2025-05-01T06:39:39.012+03:00  INFO 5376 --- [med-lab-final] [restartedMain] o.h.e.t.j.p.i.JtaPlatformInitiator       : HHH000489: No JTA platform available (set 'hibernate.transaction.jta.platform' to enable JTA platform integration)
2025-05-01T06:39:39.025+03:00  INFO 5376 --- [med-lab-final] [restartedMain] j.LocalContainerEntityManagerFactoryBean : Initialized JPA EntityManagerFactory for persistence unit 'default'
2025-05-01T06:39:39.121+03:00  WARN 5376 --- [med-lab-final] [restartedMain] JpaBaseConfiguration$JpaWebConfiguration : spring.jpa.open-in-view is enabled by default. Therefore, database queries may be performed during view rendering. Explicitly configure spring.jpa.open-in-view to disable this warning
2025-05-01T06:39:39.227+03:00  INFO 5376 --- [med-lab-final] [restartedMain] o.s.b.d.a.OptionalLiveReloadServer       : LiveReload server is running on port 35729
2025-05-01T06:39:39.233+03:00  INFO 5376 --- [med-lab-final] [restartedMain] o.s.b.w.embedded.tomcat.TomcatWebServer  : Tomcat started on port 8080 (http) with context path '/'
2025-05-01T06:39:39.236+03:00  INFO 5376 --- [med-lab-final] [restartedMain] o.j.medlabfinal.MedLabFinalApplication   : Started MedLabFinalApplication in 0.445 seconds (process running for 552.846)
2025-05-01T06:39:39.236+03:00  INFO 5376 --- [med-lab-final] [restartedMain] .ConditionEvaluationDeltaLoggingListener : Condition evaluation unchanged
2025-05-01T06:41:28.785+03:00  INFO 5376 --- [med-lab-final] [File Watcher] rtingClassPathChangeChangedEventListener : Restarting due to 13 class path changes (0 additions, 0 deletions, 13 modifications)
2025-05-01T06:41:28.791+03:00  INFO 5376 --- [med-lab-final] [Thread-11] o.s.b.w.e.tomcat.GracefulShutdown        : Commencing graceful shutdown. Waiting for active requests to complete
2025-05-01T06:41:28.793+03:00  INFO 5376 --- [med-lab-final] [tomcat-shutdown] o.s.b.w.e.tomcat.GracefulShutdown        : Graceful shutdown complete
2025-05-01T06:41:28.796+03:00  INFO 5376 --- [med-lab-final] [Thread-11] j.LocalContainerEntityManagerFactoryBean : Closing JPA EntityManagerFactory for persistence unit 'default'
2025-05-01T06:41:28.798+03:00  INFO 5376 --- [med-lab-final] [Thread-11] com.zaxxer.hikari.HikariDataSource       : HikariPool-3 - Shutdown initiated...
2025-05-01T06:41:28.809+03:00  INFO 5376 --- [med-lab-final] [Thread-11] com.zaxxer.hikari.HikariDataSource       : HikariPool-3 - Shutdown completed.
2025-05-01T06:41:28.865+03:00  INFO 5376 --- [med-lab-final] [restartedMain] o.j.medlabfinal.MedLabFinalApplication   : Starting MedLabFinalApplication using Java 18.0.2 with PID 5376 (/Volumes/Other/JavaProj/med-lab-final/target/classes started by kravchuk in /Volumes/Other/JavaProj/med-lab-final)
2025-05-01T06:41:28.865+03:00  INFO 5376 --- [med-lab-final] [restartedMain] o.j.medlabfinal.MedLabFinalApplication   : No active profile set, falling back to 1 default profile: "default"
2025-05-01T06:41:28.923+03:00  INFO 5376 --- [med-lab-final] [restartedMain] .s.d.r.c.RepositoryConfigurationDelegate : Bootstrapping Spring Data JPA repositories in DEFAULT mode.
2025-05-01T06:41:28.926+03:00  INFO 5376 --- [med-lab-final] [restartedMain] .s.d.r.c.RepositoryConfigurationDelegate : Finished Spring Data repository scanning in 2 ms. Found 3 JPA repository interfaces.
2025-05-01T06:41:28.976+03:00  INFO 5376 --- [med-lab-final] [restartedMain] o.s.b.w.embedded.tomcat.TomcatWebServer  : Tomcat initialized with port 8080 (http)
2025-05-01T06:41:28.977+03:00  INFO 5376 --- [med-lab-final] [restartedMain] o.apache.catalina.core.StandardService   : Starting service [Tomcat]
2025-05-01T06:41:28.977+03:00  INFO 5376 --- [med-lab-final] [restartedMain] o.apache.catalina.core.StandardEngine    : Starting Servlet engine: [Apache Tomcat/10.1.39]
2025-05-01T06:41:28.981+03:00  INFO 5376 --- [med-lab-final] [restartedMain] o.a.c.c.C.[Tomcat].[localhost].[/]       : Initializing Spring embedded WebApplicationContext
2025-05-01T06:41:28.981+03:00  INFO 5376 --- [med-lab-final] [restartedMain] w.s.c.ServletWebServerApplicationContext : Root WebApplicationContext: initialization completed in 115 ms
2025-05-01T06:41:29.002+03:00  INFO 5376 --- [med-lab-final] [restartedMain] o.hibernate.jpa.internal.util.LogHelper  : HHH000204: Processing PersistenceUnitInfo [name: default]
2025-05-01T06:41:29.003+03:00  INFO 5376 --- [med-lab-final] [restartedMain] o.h.c.internal.RegionFactoryInitiator    : HHH000026: Second-level cache disabled
2025-05-01T06:41:29.007+03:00  INFO 5376 --- [med-lab-final] [restartedMain] o.s.o.j.p.SpringPersistenceUnitInfo      : No LoadTimeWeaver setup: ignoring JPA class transformer
2025-05-01T06:41:29.008+03:00  INFO 5376 --- [med-lab-final] [restartedMain] com.zaxxer.hikari.HikariDataSource       : HikariPool-4 - Starting...
2025-05-01T06:41:29.021+03:00  INFO 5376 --- [med-lab-final] [restartedMain] com.zaxxer.hikari.pool.HikariPool        : HikariPool-4 - Added connection com.mysql.cj.jdbc.ConnectionImpl@3906424
2025-05-01T06:41:29.021+03:00  INFO 5376 --- [med-lab-final] [restartedMain] com.zaxxer.hikari.HikariDataSource       : HikariPool-4 - Start completed.
2025-05-01T06:41:29.022+03:00  INFO 5376 --- [med-lab-final] [restartedMain] org.hibernate.orm.connections.pooling    : HHH10001005: Database info:
	Database JDBC URL [Connecting through datasource 'HikariDataSource (HikariPool-4)']
	Database driver: undefined/unknown
	Database version: 8.0.40
	Autocommit mode: undefined/unknown
	Isolation level: undefined/unknown
	Minimum pool size: undefined/unknown
	Maximum pool size: undefined/unknown
2025-05-01T06:41:29.054+03:00  INFO 5376 --- [med-lab-final] [restartedMain] o.h.e.t.j.p.i.JtaPlatformInitiator       : HHH000489: No JTA platform available (set 'hibernate.transaction.jta.platform' to enable JTA platform integration)
2025-05-01T06:41:29.075+03:00  INFO 5376 --- [med-lab-final] [restartedMain] j.LocalContainerEntityManagerFactoryBean : Initialized JPA EntityManagerFactory for persistence unit 'default'
2025-05-01T06:41:29.165+03:00  WARN 5376 --- [med-lab-final] [restartedMain] JpaBaseConfiguration$JpaWebConfiguration : spring.jpa.open-in-view is enabled by default. Therefore, database queries may be performed during view rendering. Explicitly configure spring.jpa.open-in-view to disable this warning
2025-05-01T06:41:29.271+03:00  INFO 5376 --- [med-lab-final] [restartedMain] o.s.b.d.a.OptionalLiveReloadServer       : LiveReload server is running on port 35729
2025-05-01T06:41:29.277+03:00  INFO 5376 --- [med-lab-final] [restartedMain] o.s.b.w.embedded.tomcat.TomcatWebServer  : Tomcat started on port 8080 (http) with context path '/'
2025-05-01T06:41:29.279+03:00  INFO 5376 --- [med-lab-final] [restartedMain] o.j.medlabfinal.MedLabFinalApplication   : Started MedLabFinalApplication in 0.423 seconds (process running for 662.889)
2025-05-01T06:41:29.280+03:00  INFO 5376 --- [med-lab-final] [restartedMain] .ConditionEvaluationDeltaLoggingListener : Condition evaluation unchanged
2025-05-01T06:42:08.084+03:00  INFO 5376 --- [med-lab-final] [File Watcher] rtingClassPathChangeChangedEventListener : Restarting due to 1 class path change (0 additions, 0 deletions, 1 modification)
2025-05-01T06:42:08.090+03:00  INFO 5376 --- [med-lab-final] [Thread-15] o.s.b.w.e.tomcat.GracefulShutdown        : Commencing graceful shutdown. Waiting for active requests to complete
2025-05-01T06:42:08.093+03:00  INFO 5376 --- [med-lab-final] [tomcat-shutdown] o.s.b.w.e.tomcat.GracefulShutdown        : Graceful shutdown complete
2025-05-01T06:42:08.096+03:00  INFO 5376 --- [med-lab-final] [Thread-15] j.LocalContainerEntityManagerFactoryBean : Closing JPA EntityManagerFactory for persistence unit 'default'
2025-05-01T06:42:08.099+03:00  INFO 5376 --- [med-lab-final] [Thread-15] com.zaxxer.hikari.HikariDataSource       : HikariPool-4 - Shutdown initiated...
2025-05-01T06:42:08.106+03:00  INFO 5376 --- [med-lab-final] [Thread-15] com.zaxxer.hikari.HikariDataSource       : HikariPool-4 - Shutdown completed.
2025-05-01T06:42:08.170+03:00  INFO 5376 --- [med-lab-final] [restartedMain] o.j.medlabfinal.MedLabFinalApplication   : Starting MedLabFinalApplication using Java 18.0.2 with PID 5376 (/Volumes/Other/JavaProj/med-lab-final/target/classes started by kravchuk in /Volumes/Other/JavaProj/med-lab-final)
2025-05-01T06:42:08.170+03:00  INFO 5376 --- [med-lab-final] [restartedMain] o.j.medlabfinal.MedLabFinalApplication   : No active profile set, falling back to 1 default profile: "default"
2025-05-01T06:42:08.228+03:00  INFO 5376 --- [med-lab-final] [restartedMain] .s.d.r.c.RepositoryConfigurationDelegate : Bootstrapping Spring Data JPA repositories in DEFAULT mode.
2025-05-01T06:42:08.232+03:00  INFO 5376 --- [med-lab-final] [restartedMain] .s.d.r.c.RepositoryConfigurationDelegate : Finished Spring Data repository scanning in 3 ms. Found 3 JPA repository interfaces.
2025-05-01T06:42:08.284+03:00  INFO 5376 --- [med-lab-final] [restartedMain] o.s.b.w.embedded.tomcat.TomcatWebServer  : Tomcat initialized with port 8080 (http)
2025-05-01T06:42:08.284+03:00  INFO 5376 --- [med-lab-final] [restartedMain] o.apache.catalina.core.StandardService   : Starting service [Tomcat]
2025-05-01T06:42:08.284+03:00  INFO 5376 --- [med-lab-final] [restartedMain] o.apache.catalina.core.StandardEngine    : Starting Servlet engine: [Apache Tomcat/10.1.39]
2025-05-01T06:42:08.288+03:00  INFO 5376 --- [med-lab-final] [restartedMain] o.a.c.c.C.[Tomcat].[localhost].[/]       : Initializing Spring embedded WebApplicationContext
2025-05-01T06:42:08.288+03:00  INFO 5376 --- [med-lab-final] [restartedMain] w.s.c.ServletWebServerApplicationContext : Root WebApplicationContext: initialization completed in 118 ms
2025-05-01T06:42:08.313+03:00  INFO 5376 --- [med-lab-final] [restartedMain] o.hibernate.jpa.internal.util.LogHelper  : HHH000204: Processing PersistenceUnitInfo [name: default]
2025-05-01T06:42:08.315+03:00  INFO 5376 --- [med-lab-final] [restartedMain] o.h.c.internal.RegionFactoryInitiator    : HHH000026: Second-level cache disabled
2025-05-01T06:42:08.321+03:00  INFO 5376 --- [med-lab-final] [restartedMain] o.s.o.j.p.SpringPersistenceUnitInfo      : No LoadTimeWeaver setup: ignoring JPA class transformer
2025-05-01T06:42:08.321+03:00  INFO 5376 --- [med-lab-final] [restartedMain] com.zaxxer.hikari.HikariDataSource       : HikariPool-5 - Starting...
2025-05-01T06:42:08.335+03:00  INFO 5376 --- [med-lab-final] [restartedMain] com.zaxxer.hikari.pool.HikariPool        : HikariPool-5 - Added connection com.mysql.cj.jdbc.ConnectionImpl@6a22140d
2025-05-01T06:42:08.335+03:00  INFO 5376 --- [med-lab-final] [restartedMain] com.zaxxer.hikari.HikariDataSource       : HikariPool-5 - Start completed.
2025-05-01T06:42:08.336+03:00  INFO 5376 --- [med-lab-final] [restartedMain] org.hibernate.orm.connections.pooling    : HHH10001005: Database info:
	Database JDBC URL [Connecting through datasource 'HikariDataSource (HikariPool-5)']
	Database driver: undefined/unknown
	Database version: 8.0.40
	Autocommit mode: undefined/unknown
	Isolation level: undefined/unknown
	Minimum pool size: undefined/unknown
	Maximum pool size: undefined/unknown
2025-05-01T06:42:08.365+03:00  INFO 5376 --- [med-lab-final] [restartedMain] o.h.e.t.j.p.i.JtaPlatformInitiator       : HHH000489: No JTA platform available (set 'hibernate.transaction.jta.platform' to enable JTA platform integration)
2025-05-01T06:42:08.382+03:00  INFO 5376 --- [med-lab-final] [restartedMain] j.LocalContainerEntityManagerFactoryBean : Initialized JPA EntityManagerFactory for persistence unit 'default'
2025-05-01T06:42:08.472+03:00  WARN 5376 --- [med-lab-final] [restartedMain] JpaBaseConfiguration$JpaWebConfiguration : spring.jpa.open-in-view is enabled by default. Therefore, database queries may be performed during view rendering. Explicitly configure spring.jpa.open-in-view to disable this warning
2025-05-01T06:42:08.576+03:00  INFO 5376 --- [med-lab-final] [restartedMain] o.s.b.d.a.OptionalLiveReloadServer       : LiveReload server is running on port 35729
2025-05-01T06:42:08.582+03:00  INFO 5376 --- [med-lab-final] [restartedMain] o.s.b.w.embedded.tomcat.TomcatWebServer  : Tomcat started on port 8080 (http) with context path '/'
2025-05-01T06:42:08.584+03:00  INFO 5376 --- [med-lab-final] [restartedMain] o.j.medlabfinal.MedLabFinalApplication   : Started MedLabFinalApplication in 0.424 seconds (process running for 702.194)
2025-05-01T06:42:08.585+03:00  INFO 5376 --- [med-lab-final] [restartedMain] .ConditionEvaluationDeltaLoggingListener : Condition evaluation unchanged
2025-05-01T06:42:33.454+03:00  INFO 5376 --- [med-lab-final] [SpringApplicationShutdownHook] o.s.b.w.e.tomcat.GracefulShutdown        : Commencing graceful shutdown. Waiting for active requests to complete
2025-05-01T06:42:33.460+03:00  INFO 5376 --- [med-lab-final] [tomcat-shutdown] o.s.b.w.e.tomcat.GracefulShutdown        : Graceful shutdown complete
2025-05-01T06:42:33.462+03:00  INFO 5376 --- [med-lab-final] [SpringApplicationShutdownHook] j.LocalContainerEntityManagerFactoryBean : Closing JPA EntityManagerFactory for persistence unit 'default'
2025-05-01T06:42:33.462+03:00  INFO 5376 --- [med-lab-final] [SpringApplicationShutdownHook] com.zaxxer.hikari.HikariDataSource       : HikariPool-5 - Shutdown initiated...
2025-05-01T06:42:33.468+03:00  INFO 5376 --- [med-lab-final] [SpringApplicationShutdownHook] com.zaxxer.hikari.HikariDataSource       : HikariPool-5 - Shutdown completed.
2025-05-01T06:48:56.997+03:00  INFO 5856 --- [med-lab-final] [main] o.j.m.c.AppointmentControllerTest        : Starting AppointmentControllerTest using Java 18.0.2 with PID 5856 (started by kravchuk in /Volumes/Other/JavaProj/med-lab-final)
2025-05-01T06:48:56.998+03:00  INFO 5856 --- [med-lab-final] [main] o.j.m.c.AppointmentControllerTest        : The following 1 profile is active: "test"
2025-05-01T06:48:57.264+03:00  INFO 5856 --- [med-lab-final] [main] .s.d.r.c.RepositoryConfigurationDelegate : Bootstrapping Spring Data JPA repositories in DEFAULT mode.
2025-05-01T06:48:57.288+03:00  INFO 5856 --- [med-lab-final] [main] .s.d.r.c.RepositoryConfigurationDelegate : Finished Spring Data repository scanning in 19 ms. Found 3 JPA repository interfaces.
2025-05-01T06:48:57.512+03:00  INFO 5856 --- [med-lab-final] [main] o.hibernate.jpa.internal.util.LogHelper  : HHH000204: Processing PersistenceUnitInfo [name: default]
2025-05-01T06:48:57.544+03:00  INFO 5856 --- [med-lab-final] [main] org.hibernate.Version                    : HHH000412: Hibernate ORM core version 6.6.11.Final
2025-05-01T06:48:57.558+03:00  INFO 5856 --- [med-lab-final] [main] o.h.c.internal.RegionFactoryInitiator    : HHH000026: Second-level cache disabled
2025-05-01T06:48:57.724+03:00  INFO 5856 --- [med-lab-final] [main] o.s.o.j.p.SpringPersistenceUnitInfo      : No LoadTimeWeaver setup: ignoring JPA class transformer
2025-05-01T06:48:57.741+03:00  INFO 5856 --- [med-lab-final] [main] com.zaxxer.hikari.HikariDataSource       : HikariPool-1 - Starting...
2025-05-01T06:48:57.850+03:00  INFO 5856 --- [med-lab-final] [main] com.zaxxer.hikari.pool.HikariPool        : HikariPool-1 - Added connection conn0: url=jdbc:h2:mem:testdb user=SA
2025-05-01T06:48:57.852+03:00  INFO 5856 --- [med-lab-final] [main] com.zaxxer.hikari.HikariDataSource       : HikariPool-1 - Start completed.
2025-05-01T06:48:57.869+03:00  WARN 5856 --- [med-lab-final] [main] org.hibernate.orm.deprecation            : HHH90000025: H2Dialect does not need to be specified explicitly using 'hibernate.dialect' (remove the property setting and it will be selected by default)
2025-05-01T06:48:57.884+03:00  INFO 5856 --- [med-lab-final] [main] org.hibernate.orm.connections.pooling    : HHH10001005: Database info:
	Database JDBC URL [Connecting through datasource 'HikariDataSource (HikariPool-1)']
	Database driver: undefined/unknown
	Database version: 2.3.232
	Autocommit mode: undefined/unknown
	Isolation level: undefined/unknown
	Minimum pool size: undefined/unknown
	Maximum pool size: undefined/unknown
2025-05-01T06:48:58.315+03:00  INFO 5856 --- [med-lab-final] [main] o.h.e.t.j.p.i.JtaPlatformInitiator       : HHH000489: No JTA platform available (set 'hibernate.transaction.jta.platform' to enable JTA platform integration)
2025-05-01T06:48:58.335+03:00  INFO 5856 --- [med-lab-final] [main] j.LocalContainerEntityManagerFactoryBean : Initialized JPA EntityManagerFactory for persistence unit 'default'
2025-05-01T06:48:58.666+03:00  WARN 5856 --- [med-lab-final] [main] JpaBaseConfiguration$JpaWebConfiguration : spring.jpa.open-in-view is enabled by default. Therefore, database queries may be performed during view rendering. Explicitly configure spring.jpa.open-in-view to disable this warning
2025-05-01T06:48:58.883+03:00  INFO 5856 --- [med-lab-final] [main] o.s.b.t.m.w.SpringBootMockServletContext : Initializing Spring TestDispatcherServlet ''
2025-05-01T06:48:58.883+03:00  INFO 5856 --- [med-lab-final] [main] o.s.t.web.servlet.TestDispatcherServlet  : Initializing Servlet ''
2025-05-01T06:48:58.883+03:00  INFO 5856 --- [med-lab-final] [main] o.s.t.web.servlet.TestDispatcherServlet  : Completed initialization in 0 ms
2025-05-01T06:48:58.895+03:00  INFO 5856 --- [med-lab-final] [main] o.j.m.c.AppointmentControllerTest        : Started AppointmentControllerTest in 2.044 seconds (process running for 2.596)
2025-05-01T06:48:59.053+03:00  INFO 5856 --- [med-lab-final] [main] o.j.medlabfinal.aspect.LoggingAspect     : Виклик методу: save
2025-05-01T06:48:59.084+03:00  INFO 5856 --- [med-lab-final] [main] o.j.medlabfinal.aspect.LoggingAspect     : Виклик методу: save
2025-05-01T06:48:59.102+03:00  INFO 5856 --- [med-lab-final] [main] o.j.medlabfinal.aspect.LoggingAspect     : Виклик методу: findAll
2025-05-01T06:48:59.294+03:00  INFO 5856 --- [med-lab-final] [main] o.j.medlabfinal.aspect.LoggingAspect     : Виклик методу: save
2025-05-01T06:48:59.295+03:00  INFO 5856 --- [med-lab-final] [main] o.j.medlabfinal.aspect.LoggingAspect     : Виклик методу: save
2025-05-01T06:48:59.316+03:00  INFO 5856 --- [med-lab-final] [main] o.j.medlabfinal.aspect.LoggingAspect     : Виклик методу: findAll
2025-05-01T06:48:59.327+03:00  INFO 5856 --- [med-lab-final] [main] o.j.medlabfinal.aspect.LoggingAspect     : Виклик методу: save
2025-05-01T06:48:59.328+03:00  INFO 5856 --- [med-lab-final] [main] o.j.medlabfinal.aspect.LoggingAspect     : Виклик методу: save
2025-05-01T06:48:59.445+03:00  INFO 5856 --- [med-lab-final] [main] o.j.medlabfinal.aspect.LoggingAspect     : Виклик методу: save
2025-05-01T06:48:59.449+03:00  INFO 5856 --- [med-lab-final] [main] o.j.medlabfinal.aspect.LoggingAspect     : Виклик методу: sendConfirmation
2025-05-01T06:49:01.180+03:00  INFO 5856 --- [med-lab-final] [main] o.j.medlabfinal.aspect.LoggingAspect     : Виклик методу: save
2025-05-01T06:49:01.181+03:00  INFO 5856 --- [med-lab-final] [main] o.j.medlabfinal.aspect.LoggingAspect     : Виклик методу: save
2025-05-01T06:49:01.182+03:00  INFO 5856 --- [med-lab-final] [main] o.j.medlabfinal.aspect.LoggingAspect     : Виклик методу: save
2025-05-01T06:49:01.201+03:00  INFO 5856 --- [med-lab-final] [main] o.j.medlabfinal.aspect.LoggingAspect     : Виклик методу: deleteById
2025-05-01T06:49:01.209+03:00  INFO 5856 --- [med-lab-final] [SpringApplicationShutdownHook] j.LocalContainerEntityManagerFactoryBean : Closing JPA EntityManagerFactory for persistence unit 'default'
2025-05-01T06:49:01.211+03:00  INFO 5856 --- [med-lab-final] [SpringApplicationShutdownHook] com.zaxxer.hikari.HikariDataSource       : HikariPool-1 - Shutdown initiated...
2025-05-01T06:49:01.212+03:00  INFO 5856 --- [med-lab-final] [SpringApplicationShutdownHook] com.zaxxer.hikari.HikariDataSource       : HikariPool-1 - Shutdown completed.
2025-05-01T06:49:12.194+03:00  INFO 5865 --- [med-lab-final] [main] o.j.m.c.MedicalAnalysisControllerTest    : Starting MedicalAnalysisControllerTest using Java 18.0.2 with PID 5865 (started by kravchuk in /Volumes/Other/JavaProj/med-lab-final)
2025-05-01T06:49:12.195+03:00  INFO 5865 --- [med-lab-final] [main] o.j.m.c.MedicalAnalysisControllerTest    : The following 1 profile is active: "test"
2025-05-01T06:49:12.450+03:00  INFO 5865 --- [med-lab-final] [main] .s.d.r.c.RepositoryConfigurationDelegate : Bootstrapping Spring Data JPA repositories in DEFAULT mode.
2025-05-01T06:49:12.474+03:00  INFO 5865 --- [med-lab-final] [main] .s.d.r.c.RepositoryConfigurationDelegate : Finished Spring Data repository scanning in 19 ms. Found 3 JPA repository interfaces.
2025-05-01T06:49:12.682+03:00  INFO 5865 --- [med-lab-final] [main] o.hibernate.jpa.internal.util.LogHelper  : HHH000204: Processing PersistenceUnitInfo [name: default]
2025-05-01T06:49:12.704+03:00  INFO 5865 --- [med-lab-final] [main] org.hibernate.Version                    : HHH000412: Hibernate ORM core version 6.6.11.Final
2025-05-01T06:49:12.715+03:00  INFO 5865 --- [med-lab-final] [main] o.h.c.internal.RegionFactoryInitiator    : HHH000026: Second-level cache disabled
2025-05-01T06:49:12.821+03:00  INFO 5865 --- [med-lab-final] [main] o.s.o.j.p.SpringPersistenceUnitInfo      : No LoadTimeWeaver setup: ignoring JPA class transformer
2025-05-01T06:49:12.833+03:00  INFO 5865 --- [med-lab-final] [main] com.zaxxer.hikari.HikariDataSource       : HikariPool-1 - Starting...
2025-05-01T06:49:12.907+03:00  INFO 5865 --- [med-lab-final] [main] com.zaxxer.hikari.pool.HikariPool        : HikariPool-1 - Added connection conn0: url=jdbc:h2:mem:testdb user=SA
2025-05-01T06:49:12.908+03:00  INFO 5865 --- [med-lab-final] [main] com.zaxxer.hikari.HikariDataSource       : HikariPool-1 - Start completed.
2025-05-01T06:49:12.924+03:00  WARN 5865 --- [med-lab-final] [main] org.hibernate.orm.deprecation            : HHH90000025: H2Dialect does not need to be specified explicitly using 'hibernate.dialect' (remove the property setting and it will be selected by default)
2025-05-01T06:49:12.934+03:00  INFO 5865 --- [med-lab-final] [main] org.hibernate.orm.connections.pooling    : HHH10001005: Database info:
	Database JDBC URL [Connecting through datasource 'HikariDataSource (HikariPool-1)']
	Database driver: undefined/unknown
	Database version: 2.3.232
	Autocommit mode: undefined/unknown
	Isolation level: undefined/unknown
	Minimum pool size: undefined/unknown
	Maximum pool size: undefined/unknown
2025-05-01T06:49:13.318+03:00  INFO 5865 --- [med-lab-final] [main] o.h.e.t.j.p.i.JtaPlatformInitiator       : HHH000489: No JTA platform available (set 'hibernate.transaction.jta.platform' to enable JTA platform integration)
2025-05-01T06:49:13.338+03:00  INFO 5865 --- [med-lab-final] [main] j.LocalContainerEntityManagerFactoryBean : Initialized JPA EntityManagerFactory for persistence unit 'default'
2025-05-01T06:49:13.651+03:00  WARN 5865 --- [med-lab-final] [main] JpaBaseConfiguration$JpaWebConfiguration : spring.jpa.open-in-view is enabled by default. Therefore, database queries may be performed during view rendering. Explicitly configure spring.jpa.open-in-view to disable this warning
2025-05-01T06:49:13.853+03:00  INFO 5865 --- [med-lab-final] [main] o.s.b.t.m.w.SpringBootMockServletContext : Initializing Spring TestDispatcherServlet ''
2025-05-01T06:49:13.853+03:00  INFO 5865 --- [med-lab-final] [main] o.s.t.web.servlet.TestDispatcherServlet  : Initializing Servlet ''
2025-05-01T06:49:13.854+03:00  INFO 5865 --- [med-lab-final] [main] o.s.t.web.servlet.TestDispatcherServlet  : Completed initialization in 1 ms
2025-05-01T06:49:13.867+03:00  INFO 5865 --- [med-lab-final] [main] o.j.m.c.MedicalAnalysisControllerTest    : Started MedicalAnalysisControllerTest in 1.798 seconds (process running for 2.291)
2025-05-01T06:49:14.130+03:00  INFO 5865 --- [med-lab-final] [main] o.j.medlabfinal.aspect.LoggingAspect     : Виклик методу: deleteById
2025-05-01T06:49:14.171+03:00  INFO 5865 --- [med-lab-final] [main] o.j.medlabfinal.aspect.LoggingAspect     : Виклик методу: findById
2025-05-01T06:49:14.172+03:00  INFO 5865 --- [med-lab-final] [main] o.j.medlabfinal.aspect.LoggingAspect     : Виклик методу: save
2025-05-01T06:49:14.183+03:00  INFO 5865 --- [med-lab-final] [main] o.j.medlabfinal.aspect.LoggingAspect     : Виклик методу: searchByName
2025-05-01T06:49:14.331+03:00  INFO 5865 --- [med-lab-final] [main] o.j.medlabfinal.aspect.LoggingAspect     : Виклик методу: save
2025-05-01T06:49:14.456+03:00  INFO 5865 --- [med-lab-final] [main] o.j.medlabfinal.aspect.LoggingAspect     : Виклик методу: findAll
2025-05-01T06:49:14.464+03:00  INFO 5865 --- [med-lab-final] [SpringApplicationShutdownHook] j.LocalContainerEntityManagerFactoryBean : Closing JPA EntityManagerFactory for persistence unit 'default'
2025-05-01T06:49:14.467+03:00  INFO 5865 --- [med-lab-final] [SpringApplicationShutdownHook] com.zaxxer.hikari.HikariDataSource       : HikariPool-1 - Shutdown initiated...
2025-05-01T06:49:14.467+03:00  INFO 5865 --- [med-lab-final] [SpringApplicationShutdownHook] com.zaxxer.hikari.HikariDataSource       : HikariPool-1 - Shutdown completed.
2025-05-01T06:49:47.331+03:00  INFO 5880 --- [med-lab-final] [restartedMain] o.j.medlabfinal.MedLabFinalApplication   : Starting MedLabFinalApplication using Java 18.0.2 with PID 5880 (/Volumes/Other/JavaProj/med-lab-final/target/classes started by kravchuk in /Volumes/Other/JavaProj/med-lab-final)
2025-05-01T06:49:47.334+03:00  INFO 5880 --- [med-lab-final] [restartedMain] o.j.medlabfinal.MedLabFinalApplication   : No active profile set, falling back to 1 default profile: "default"
2025-05-01T06:49:47.353+03:00  INFO 5880 --- [med-lab-final] [restartedMain] .e.DevToolsPropertyDefaultsPostProcessor : Devtools property defaults active! Set 'spring.devtools.add-properties' to 'false' to disable
2025-05-01T06:49:47.353+03:00  INFO 5880 --- [med-lab-final] [restartedMain] .e.DevToolsPropertyDefaultsPostProcessor : For additional web related logging consider setting the 'logging.level.web' property to 'DEBUG'
2025-05-01T06:49:47.623+03:00  INFO 5880 --- [med-lab-final] [restartedMain] .s.d.r.c.RepositoryConfigurationDelegate : Bootstrapping Spring Data JPA repositories in DEFAULT mode.
2025-05-01T06:49:47.645+03:00  INFO 5880 --- [med-lab-final] [restartedMain] .s.d.r.c.RepositoryConfigurationDelegate : Finished Spring Data repository scanning in 18 ms. Found 3 JPA repository interfaces.
2025-05-01T06:49:47.900+03:00  INFO 5880 --- [med-lab-final] [restartedMain] o.s.b.w.embedded.tomcat.TomcatWebServer  : Tomcat initialized with port 8080 (http)
2025-05-01T06:49:47.907+03:00  INFO 5880 --- [med-lab-final] [restartedMain] o.apache.catalina.core.StandardService   : Starting service [Tomcat]
2025-05-01T06:49:47.907+03:00  INFO 5880 --- [med-lab-final] [restartedMain] o.apache.catalina.core.StandardEngine    : Starting Servlet engine: [Apache Tomcat/10.1.39]
2025-05-01T06:49:47.920+03:00  INFO 5880 --- [med-lab-final] [restartedMain] o.a.c.c.C.[Tomcat].[localhost].[/]       : Initializing Spring embedded WebApplicationContext
2025-05-01T06:49:47.920+03:00  INFO 5880 --- [med-lab-final] [restartedMain] w.s.c.ServletWebServerApplicationContext : Root WebApplicationContext: initialization completed in 567 ms
2025-05-01T06:49:47.996+03:00  INFO 5880 --- [med-lab-final] [restartedMain] o.hibernate.jpa.internal.util.LogHelper  : HHH000204: Processing PersistenceUnitInfo [name: default]
2025-05-01T06:49:48.027+03:00  INFO 5880 --- [med-lab-final] [restartedMain] org.hibernate.Version                    : HHH000412: Hibernate ORM core version 6.6.11.Final
2025-05-01T06:49:48.041+03:00  INFO 5880 --- [med-lab-final] [restartedMain] o.h.c.internal.RegionFactoryInitiator    : HHH000026: Second-level cache disabled
2025-05-01T06:49:48.166+03:00  INFO 5880 --- [med-lab-final] [restartedMain] o.s.o.j.p.SpringPersistenceUnitInfo      : No LoadTimeWeaver setup: ignoring JPA class transformer
2025-05-01T06:49:48.179+03:00  INFO 5880 --- [med-lab-final] [restartedMain] com.zaxxer.hikari.HikariDataSource       : HikariPool-1 - Starting...
2025-05-01T06:49:48.337+03:00  INFO 5880 --- [med-lab-final] [restartedMain] com.zaxxer.hikari.pool.HikariPool        : HikariPool-1 - Added connection com.mysql.cj.jdbc.ConnectionImpl@56431439
2025-05-01T06:49:48.338+03:00  INFO 5880 --- [med-lab-final] [restartedMain] com.zaxxer.hikari.HikariDataSource       : HikariPool-1 - Start completed.
2025-05-01T06:49:48.375+03:00  INFO 5880 --- [med-lab-final] [restartedMain] org.hibernate.orm.connections.pooling    : HHH10001005: Database info:
	Database JDBC URL [Connecting through datasource 'HikariDataSource (HikariPool-1)']
	Database driver: undefined/unknown
	Database version: 8.0.40
	Autocommit mode: undefined/unknown
	Isolation level: undefined/unknown
	Minimum pool size: undefined/unknown
	Maximum pool size: undefined/unknown
2025-05-01T06:49:48.743+03:00  INFO 5880 --- [med-lab-final] [restartedMain] o.h.e.t.j.p.i.JtaPlatformInitiator       : HHH000489: No JTA platform available (set 'hibernate.transaction.jta.platform' to enable JTA platform integration)
2025-05-01T06:49:48.785+03:00  INFO 5880 --- [med-lab-final] [restartedMain] j.LocalContainerEntityManagerFactoryBean : Initialized JPA EntityManagerFactory for persistence unit 'default'
2025-05-01T06:49:49.017+03:00  WARN 5880 --- [med-lab-final] [restartedMain] JpaBaseConfiguration$JpaWebConfiguration : spring.jpa.open-in-view is enabled by default. Therefore, database queries may be performed during view rendering. Explicitly configure spring.jpa.open-in-view to disable this warning
2025-05-01T06:49:49.199+03:00  INFO 5880 --- [med-lab-final] [restartedMain] o.s.b.a.h2.H2ConsoleAutoConfiguration    : H2 console available at '/h2-console'. Database available at 'jdbc:mysql://localhost:3306/test_lab'
2025-05-01T06:49:49.234+03:00  INFO 5880 --- [med-lab-final] [restartedMain] o.s.b.d.a.OptionalLiveReloadServer       : LiveReload server is running on port 35729
2025-05-01T06:49:49.254+03:00  INFO 5880 --- [med-lab-final] [restartedMain] o.s.b.w.embedded.tomcat.TomcatWebServer  : Tomcat started on port 8080 (http) with context path '/'
2025-05-01T06:49:49.260+03:00  INFO 5880 --- [med-lab-final] [restartedMain] o.j.medlabfinal.MedLabFinalApplication   : Started MedLabFinalApplication in 2.122 seconds (process running for 2.428)
2025-05-01T06:49:52.370+03:00  INFO 5880 --- [med-lab-final] [http-nio-8080-exec-1] o.a.c.c.C.[Tomcat].[localhost].[/]       : Initializing Spring DispatcherServlet 'dispatcherServlet'
2025-05-01T06:49:52.371+03:00  INFO 5880 --- [med-lab-final] [http-nio-8080-exec-1] o.s.web.servlet.DispatcherServlet        : Initializing Servlet 'dispatcherServlet'
2025-05-01T06:49:52.371+03:00  INFO 5880 --- [med-lab-final] [http-nio-8080-exec-1] o.s.web.servlet.DispatcherServlet        : Completed initialization in 0 ms
2025-05-01T06:50:08.902+03:00  INFO 5880 --- [med-lab-final] [http-nio-8080-exec-2] o.j.medlabfinal.aspect.LoggingAspect     : Виклик методу: findAll
2025-05-01T06:50:56.076+03:00  INFO 5880 --- [med-lab-final] [http-nio-8080-exec-6] o.j.medlabfinal.aspect.LoggingAspect     : Виклик методу: save
2025-05-01T06:50:56.119+03:00  INFO 5880 --- [med-lab-final] [http-nio-8080-exec-7] o.j.medlabfinal.aspect.LoggingAspect     : Виклик методу: findAll
2025-05-01T06:51:16.963+03:00  INFO 5880 --- [med-lab-final] [http-nio-8080-exec-1] o.j.medlabfinal.aspect.LoggingAspect     : Виклик методу: save
2025-05-01T06:51:16.981+03:00  INFO 5880 --- [med-lab-final] [http-nio-8080-exec-2] o.j.medlabfinal.aspect.LoggingAspect     : Виклик методу: findAll
2025-05-01T06:51:58.987+03:00  INFO 5880 --- [med-lab-final] [http-nio-8080-exec-4] o.j.medlabfinal.aspect.LoggingAspect     : Виклик методу: searchByName
2025-05-01T06:52:14.587+03:00  INFO 5880 --- [med-lab-final] [http-nio-8080-exec-8] o.j.medlabfinal.aspect.LoggingAspect     : Виклик методу: save
2025-05-01T06:52:14.605+03:00  INFO 5880 --- [med-lab-final] [http-nio-8080-exec-9] o.j.medlabfinal.aspect.LoggingAspect     : Виклик методу: findAll
2025-05-01T06:53:07.124+03:00  INFO 5880 --- [med-lab-final] [http-nio-8080-exec-3] o.j.medlabfinal.aspect.LoggingAspect     : Виклик методу: save
2025-05-01T06:53:07.154+03:00  INFO 5880 --- [med-lab-final] [http-nio-8080-exec-4] o.j.medlabfinal.aspect.LoggingAspect     : Виклик методу: findAll
2025-05-01T06:53:46.005+03:00  INFO 5880 --- [med-lab-final] [http-nio-8080-exec-8] o.j.medlabfinal.aspect.LoggingAspect     : Виклик методу: save
2025-05-01T06:53:46.041+03:00  INFO 5880 --- [med-lab-final] [http-nio-8080-exec-9] o.j.medlabfinal.aspect.LoggingAspect     : Виклик методу: findAll
2025-05-01T06:54:17.389+03:00  INFO 5880 --- [med-lab-final] [http-nio-8080-exec-3] o.j.medlabfinal.aspect.LoggingAspect     : Виклик методу: save
2025-05-01T06:54:17.406+03:00  INFO 5880 --- [med-lab-final] [http-nio-8080-exec-4] o.j.medlabfinal.aspect.LoggingAspect     : Виклик методу: findAll
2025-05-01T06:54:36.503+03:00  INFO 5880 --- [med-lab-final] [http-nio-8080-exec-8] o.j.medlabfinal.aspect.LoggingAspect     : Виклик методу: save
2025-05-01T06:54:36.519+03:00  INFO 5880 --- [med-lab-final] [http-nio-8080-exec-9] o.j.medlabfinal.aspect.LoggingAspect     : Виклик методу: findAll
2025-05-01T06:55:02.602+03:00  INFO 5880 --- [med-lab-final] [http-nio-8080-exec-3] o.j.medlabfinal.aspect.LoggingAspect     : Виклик методу: save
2025-05-01T06:55:02.641+03:00  INFO 5880 --- [med-lab-final] [http-nio-8080-exec-4] o.j.medlabfinal.aspect.LoggingAspect     : Виклик методу: findAll
2025-05-01T06:55:09.445+03:00  INFO 5880 --- [med-lab-final] [http-nio-8080-exec-6] o.j.medlabfinal.aspect.LoggingAspect     : Виклик методу: findAll
2025-05-01T06:55:26.690+03:00  INFO 5936 --- [med-lab-final] [main] o.j.m.c.MedicalAnalysisControllerTest    : Starting MedicalAnalysisControllerTest using Java 18.0.2 with PID 5936 (started by kravchuk in /Volumes/Other/JavaProj/med-lab-final)
2025-05-01T06:55:26.690+03:00  INFO 5936 --- [med-lab-final] [main] o.j.m.c.MedicalAnalysisControllerTest    : The following 1 profile is active: "test"
2025-05-01T06:55:26.974+03:00  INFO 5936 --- [med-lab-final] [main] .s.d.r.c.RepositoryConfigurationDelegate : Bootstrapping Spring Data JPA repositories in DEFAULT mode.
2025-05-01T06:55:26.997+03:00  INFO 5936 --- [med-lab-final] [main] .s.d.r.c.RepositoryConfigurationDelegate : Finished Spring Data repository scanning in 18 ms. Found 3 JPA repository interfaces.
2025-05-01T06:55:27.218+03:00  INFO 5936 --- [med-lab-final] [main] o.hibernate.jpa.internal.util.LogHelper  : HHH000204: Processing PersistenceUnitInfo [name: default]
2025-05-01T06:55:27.247+03:00  INFO 5936 --- [med-lab-final] [main] org.hibernate.Version                    : HHH000412: Hibernate ORM core version 6.6.11.Final
2025-05-01T06:55:27.264+03:00  INFO 5936 --- [med-lab-final] [main] o.h.c.internal.RegionFactoryInitiator    : HHH000026: Second-level cache disabled
2025-05-01T06:55:27.396+03:00  INFO 5936 --- [med-lab-final] [main] o.s.o.j.p.SpringPersistenceUnitInfo      : No LoadTimeWeaver setup: ignoring JPA class transformer
2025-05-01T06:55:27.409+03:00  INFO 5936 --- [med-lab-final] [main] com.zaxxer.hikari.HikariDataSource       : HikariPool-1 - Starting...
2025-05-01T06:55:27.496+03:00  INFO 5936 --- [med-lab-final] [main] com.zaxxer.hikari.pool.HikariPool        : HikariPool-1 - Added connection conn0: url=jdbc:h2:mem:testdb user=SA
2025-05-01T06:55:27.497+03:00  INFO 5936 --- [med-lab-final] [main] com.zaxxer.hikari.HikariDataSource       : HikariPool-1 - Start completed.
2025-05-01T06:55:27.509+03:00  WARN 5936 --- [med-lab-final] [main] org.hibernate.orm.deprecation            : HHH90000025: H2Dialect does not need to be specified explicitly using 'hibernate.dialect' (remove the property setting and it will be selected by default)
2025-05-01T06:55:27.517+03:00  INFO 5936 --- [med-lab-final] [main] org.hibernate.orm.connections.pooling    : HHH10001005: Database info:
	Database JDBC URL [Connecting through datasource 'HikariDataSource (HikariPool-1)']
	Database driver: undefined/unknown
	Database version: 2.3.232
	Autocommit mode: undefined/unknown
	Isolation level: undefined/unknown
	Minimum pool size: undefined/unknown
	Maximum pool size: undefined/unknown
2025-05-01T06:55:27.931+03:00  INFO 5936 --- [med-lab-final] [main] o.h.e.t.j.p.i.JtaPlatformInitiator       : HHH000489: No JTA platform available (set 'hibernate.transaction.jta.platform' to enable JTA platform integration)
2025-05-01T06:55:27.954+03:00  INFO 5936 --- [med-lab-final] [main] j.LocalContainerEntityManagerFactoryBean : Initialized JPA EntityManagerFactory for persistence unit 'default'
2025-05-01T06:55:28.301+03:00  WARN 5936 --- [med-lab-final] [main] JpaBaseConfiguration$JpaWebConfiguration : spring.jpa.open-in-view is enabled by default. Therefore, database queries may be performed during view rendering. Explicitly configure spring.jpa.open-in-view to disable this warning
2025-05-01T06:55:28.513+03:00  INFO 5936 --- [med-lab-final] [main] o.s.b.t.m.w.SpringBootMockServletContext : Initializing Spring TestDispatcherServlet ''
2025-05-01T06:55:28.513+03:00  INFO 5936 --- [med-lab-final] [main] o.s.t.web.servlet.TestDispatcherServlet  : Initializing Servlet ''
2025-05-01T06:55:28.514+03:00  INFO 5936 --- [med-lab-final] [main] o.s.t.web.servlet.TestDispatcherServlet  : Completed initialization in 1 ms
2025-05-01T06:55:28.527+03:00  INFO 5936 --- [med-lab-final] [main] o.j.m.c.MedicalAnalysisControllerTest    : Started MedicalAnalysisControllerTest in 1.984 seconds (process running for 2.667)
2025-05-01T06:55:28.781+03:00  INFO 5936 --- [med-lab-final] [main] o.j.medlabfinal.aspect.LoggingAspect     : Виклик методу: deleteById
2025-05-01T06:55:28.821+03:00  INFO 5936 --- [med-lab-final] [main] o.j.medlabfinal.aspect.LoggingAspect     : Виклик методу: findById
2025-05-01T06:55:28.821+03:00  INFO 5936 --- [med-lab-final] [main] o.j.medlabfinal.aspect.LoggingAspect     : Виклик методу: save
2025-05-01T06:55:28.832+03:00  INFO 5936 --- [med-lab-final] [main] o.j.medlabfinal.aspect.LoggingAspect     : Виклик методу: searchByName
2025-05-01T06:55:29.002+03:00  INFO 5936 --- [med-lab-final] [main] o.j.medlabfinal.aspect.LoggingAspect     : Виклик методу: save
2025-05-01T06:55:29.113+03:00  INFO 5936 --- [med-lab-final] [main] o.j.medlabfinal.aspect.LoggingAspect     : Виклик методу: findAll
2025-05-01T06:55:29.121+03:00  INFO 5936 --- [med-lab-final] [SpringApplicationShutdownHook] j.LocalContainerEntityManagerFactoryBean : Closing JPA EntityManagerFactory for persistence unit 'default'
2025-05-01T06:55:29.124+03:00  INFO 5936 --- [med-lab-final] [SpringApplicationShutdownHook] com.zaxxer.hikari.HikariDataSource       : HikariPool-1 - Shutdown initiated...
2025-05-01T06:55:29.124+03:00  INFO 5936 --- [med-lab-final] [SpringApplicationShutdownHook] com.zaxxer.hikari.HikariDataSource       : HikariPool-1 - Shutdown completed.
2025-05-01T06:55:37.762+03:00  INFO 5963 --- [med-lab-final] [main] o.j.m.c.AppointmentControllerTest        : Starting AppointmentControllerTest using Java 18.0.2 with PID 5963 (started by kravchuk in /Volumes/Other/JavaProj/med-lab-final)
2025-05-01T06:55:37.763+03:00  INFO 5963 --- [med-lab-final] [main] o.j.m.c.AppointmentControllerTest        : The following 1 profile is active: "test"
2025-05-01T06:55:38.022+03:00  INFO 5963 --- [med-lab-final] [main] .s.d.r.c.RepositoryConfigurationDelegate : Bootstrapping Spring Data JPA repositories in DEFAULT mode.
2025-05-01T06:55:38.046+03:00  INFO 5963 --- [med-lab-final] [main] .s.d.r.c.RepositoryConfigurationDelegate : Finished Spring Data repository scanning in 19 ms. Found 3 JPA repository interfaces.
2025-05-01T06:55:38.253+03:00  INFO 5963 --- [med-lab-final] [main] o.hibernate.jpa.internal.util.LogHelper  : HHH000204: Processing PersistenceUnitInfo [name: default]
2025-05-01T06:55:38.275+03:00  INFO 5963 --- [med-lab-final] [main] org.hibernate.Version                    : HHH000412: Hibernate ORM core version 6.6.11.Final
2025-05-01T06:55:38.287+03:00  INFO 5963 --- [med-lab-final] [main] o.h.c.internal.RegionFactoryInitiator    : HHH000026: Second-level cache disabled
2025-05-01T06:55:38.398+03:00  INFO 5963 --- [med-lab-final] [main] o.s.o.j.p.SpringPersistenceUnitInfo      : No LoadTimeWeaver setup: ignoring JPA class transformer
2025-05-01T06:55:38.410+03:00  INFO 5963 --- [med-lab-final] [main] com.zaxxer.hikari.HikariDataSource       : HikariPool-1 - Starting...
2025-05-01T06:55:38.489+03:00  INFO 5963 --- [med-lab-final] [main] com.zaxxer.hikari.pool.HikariPool        : HikariPool-1 - Added connection conn0: url=jdbc:h2:mem:testdb user=SA
2025-05-01T06:55:38.490+03:00  INFO 5963 --- [med-lab-final] [main] com.zaxxer.hikari.HikariDataSource       : HikariPool-1 - Start completed.
2025-05-01T06:55:38.501+03:00  WARN 5963 --- [med-lab-final] [main] org.hibernate.orm.deprecation            : HHH90000025: H2Dialect does not need to be specified explicitly using 'hibernate.dialect' (remove the property setting and it will be selected by default)
2025-05-01T06:55:38.510+03:00  INFO 5963 --- [med-lab-final] [main] org.hibernate.orm.connections.pooling    : HHH10001005: Database info:
	Database JDBC URL [Connecting through datasource 'HikariDataSource (HikariPool-1)']
	Database driver: undefined/unknown
	Database version: 2.3.232
	Autocommit mode: undefined/unknown
	Isolation level: undefined/unknown
	Minimum pool size: undefined/unknown
	Maximum pool size: undefined/unknown
2025-05-01T06:55:38.904+03:00  INFO 5963 --- [med-lab-final] [main] o.h.e.t.j.p.i.JtaPlatformInitiator       : HHH000489: No JTA platform available (set 'hibernate.transaction.jta.platform' to enable JTA platform integration)
2025-05-01T06:55:38.923+03:00  INFO 5963 --- [med-lab-final] [main] j.LocalContainerEntityManagerFactoryBean : Initialized JPA EntityManagerFactory for persistence unit 'default'
2025-05-01T06:55:39.245+03:00  WARN 5963 --- [med-lab-final] [main] JpaBaseConfiguration$JpaWebConfiguration : spring.jpa.open-in-view is enabled by default. Therefore, database queries may be performed during view rendering. Explicitly configure spring.jpa.open-in-view to disable this warning
2025-05-01T06:55:39.452+03:00  INFO 5963 --- [med-lab-final] [main] o.s.b.t.m.w.SpringBootMockServletContext : Initializing Spring TestDispatcherServlet ''
2025-05-01T06:55:39.452+03:00  INFO 5963 --- [med-lab-final] [main] o.s.t.web.servlet.TestDispatcherServlet  : Initializing Servlet ''
2025-05-01T06:55:39.453+03:00  INFO 5963 --- [med-lab-final] [main] o.s.t.web.servlet.TestDispatcherServlet  : Completed initialization in 1 ms
2025-05-01T06:55:39.466+03:00  INFO 5963 --- [med-lab-final] [main] o.j.m.c.AppointmentControllerTest        : Started AppointmentControllerTest in 1.827 seconds (process running for 2.349)
2025-05-01T06:55:39.622+03:00  INFO 5963 --- [med-lab-final] [main] o.j.medlabfinal.aspect.LoggingAspect     : Виклик методу: save
2025-05-01T06:55:39.651+03:00  INFO 5963 --- [med-lab-final] [main] o.j.medlabfinal.aspect.LoggingAspect     : Виклик методу: save
2025-05-01T06:55:39.668+03:00  INFO 5963 --- [med-lab-final] [main] o.j.medlabfinal.aspect.LoggingAspect     : Виклик методу: findAll
2025-05-01T06:55:39.885+03:00  INFO 5963 --- [med-lab-final] [main] o.j.medlabfinal.aspect.LoggingAspect     : Виклик методу: save
2025-05-01T06:55:39.886+03:00  INFO 5963 --- [med-lab-final] [main] o.j.medlabfinal.aspect.LoggingAspect     : Виклик методу: save
2025-05-01T06:55:39.909+03:00  INFO 5963 --- [med-lab-final] [main] o.j.medlabfinal.aspect.LoggingAspect     : Виклик методу: findAll
2025-05-01T06:55:39.918+03:00  INFO 5963 --- [med-lab-final] [main] o.j.medlabfinal.aspect.LoggingAspect     : Виклик методу: save
2025-05-01T06:55:39.919+03:00  INFO 5963 --- [med-lab-final] [main] o.j.medlabfinal.aspect.LoggingAspect     : Виклик методу: save
2025-05-01T06:55:40.024+03:00  INFO 5963 --- [med-lab-final] [main] o.j.medlabfinal.aspect.LoggingAspect     : Виклик методу: save
2025-05-01T06:55:40.028+03:00  INFO 5963 --- [med-lab-final] [main] o.j.medlabfinal.aspect.LoggingAspect     : Виклик методу: sendConfirmation
2025-05-01T06:55:41.823+03:00  INFO 5963 --- [med-lab-final] [main] o.j.medlabfinal.aspect.LoggingAspect     : Виклик методу: save
2025-05-01T06:55:41.824+03:00  INFO 5963 --- [med-lab-final] [main] o.j.medlabfinal.aspect.LoggingAspect     : Виклик методу: save
2025-05-01T06:55:41.825+03:00  INFO 5963 --- [med-lab-final] [main] o.j.medlabfinal.aspect.LoggingAspect     : Виклик методу: save
2025-05-01T06:55:41.849+03:00  INFO 5963 --- [med-lab-final] [main] o.j.medlabfinal.aspect.LoggingAspect     : Виклик методу: deleteById
2025-05-01T06:55:41.858+03:00  INFO 5963 --- [med-lab-final] [SpringApplicationShutdownHook] j.LocalContainerEntityManagerFactoryBean : Closing JPA EntityManagerFactory for persistence unit 'default'
2025-05-01T06:55:41.861+03:00  INFO 5963 --- [med-lab-final] [SpringApplicationShutdownHook] com.zaxxer.hikari.HikariDataSource       : HikariPool-1 - Shutdown initiated...
2025-05-01T06:55:41.862+03:00  INFO 5963 --- [med-lab-final] [SpringApplicationShutdownHook] com.zaxxer.hikari.HikariDataSource       : HikariPool-1 - Shutdown completed.
2025-05-01T06:55:45.823+03:00  INFO 5880 --- [med-lab-final] [http-nio-8080-exec-8] o.j.medlabfinal.aspect.LoggingAspect     : Виклик методу: findAll
2025-05-01T06:55:47.317+03:00  INFO 5880 --- [med-lab-final] [http-nio-8080-exec-10] o.j.medlabfinal.aspect.LoggingAspect     : Виклик методу: findAll
2025-05-01T06:55:48.052+03:00  INFO 5880 --- [med-lab-final] [http-nio-8080-exec-2] o.j.medlabfinal.aspect.LoggingAspect     : Виклик методу: findAll
2025-05-01T06:56:34.633+03:00  INFO 5880 --- [med-lab-final] [http-nio-8080-exec-6] o.j.medlabfinal.aspect.LoggingAspect     : Виклик методу: save
2025-05-01T06:56:34.656+03:00  INFO 5880 --- [med-lab-final] [http-nio-8080-exec-7] o.j.medlabfinal.aspect.LoggingAspect     : Виклик методу: findAll
2025-05-01T06:57:22.120+03:00  INFO 5880 --- [med-lab-final] [http-nio-8080-exec-1] o.j.medlabfinal.aspect.LoggingAspect     : Виклик методу: save
2025-05-01T06:57:22.135+03:00  INFO 5880 --- [med-lab-final] [http-nio-8080-exec-2] o.j.medlabfinal.aspect.LoggingAspect     : Виклик методу: findAll
2025-05-01T06:59:07.835+03:00  INFO 5880 --- [med-lab-final] [http-nio-8080-exec-7] o.j.medlabfinal.aspect.LoggingAspect     : Виклик методу: save
2025-05-01T06:59:07.863+03:00  INFO 5880 --- [med-lab-final] [http-nio-8080-exec-8] o.j.medlabfinal.aspect.LoggingAspect     : Виклик методу: findAll
2025-05-01T06:59:25.836+03:00  INFO 5880 --- [med-lab-final] [http-nio-8080-exec-2] o.j.medlabfinal.aspect.LoggingAspect     : Виклик методу: findAll
2025-05-01T06:59:55.387+03:00  INFO 5880 --- [med-lab-final] [http-nio-8080-exec-4] o.j.medlabfinal.aspect.LoggingAspect     : Виклик методу: getTakenTimesByDate
2025-05-01T07:00:03.566+03:00  INFO 5880 --- [med-lab-final] [http-nio-8080-exec-5] o.j.medlabfinal.aspect.LoggingAspect     : Виклик методу: save
2025-05-01T07:00:03.584+03:00  INFO 5880 --- [med-lab-final] [http-nio-8080-exec-5] o.j.medlabfinal.aspect.LoggingAspect     : Виклик методу: sendConfirmation
2025-05-01T07:00:05.578+03:00  INFO 5880 --- [med-lab-final] [http-nio-8080-exec-6] o.j.medlabfinal.aspect.LoggingAspect     : Виклик методу: findAll
2025-05-01T07:00:33.652+03:00  INFO 5880 --- [med-lab-final] [http-nio-8080-exec-8] o.j.medlabfinal.aspect.LoggingAspect     : Виклик методу: getTakenTimesByDate
2025-05-01T07:00:38.259+03:00  INFO 5880 --- [med-lab-final] [http-nio-8080-exec-9] o.j.medlabfinal.aspect.LoggingAspect     : Виклик методу: save
2025-05-01T07:00:38.269+03:00  INFO 5880 --- [med-lab-final] [http-nio-8080-exec-9] o.j.medlabfinal.aspect.LoggingAspect     : Виклик методу: sendConfirmation
2025-05-01T07:00:41.192+03:00  INFO 5880 --- [med-lab-final] [http-nio-8080-exec-10] o.j.medlabfinal.aspect.LoggingAspect     : Виклик методу: findAll
2025-05-01T07:01:15.367+03:00  INFO 5880 --- [med-lab-final] [http-nio-8080-exec-2] o.j.medlabfinal.aspect.LoggingAspect     : Виклик методу: getTakenTimesByDate
2025-05-01T07:01:19.855+03:00  INFO 5880 --- [med-lab-final] [http-nio-8080-exec-3] o.j.medlabfinal.aspect.LoggingAspect     : Виклик методу: save
2025-05-01T07:01:19.864+03:00  INFO 5880 --- [med-lab-final] [http-nio-8080-exec-3] o.j.medlabfinal.aspect.LoggingAspect     : Виклик методу: sendConfirmation
2025-05-01T07:01:21.442+03:00  INFO 5880 --- [med-lab-final] [http-nio-8080-exec-4] o.j.medlabfinal.aspect.LoggingAspect     : Виклик методу: findAll
2025-05-01T07:02:06.321+03:00  INFO 5880 --- [med-lab-final] [http-nio-8080-exec-6] o.j.medlabfinal.aspect.LoggingAspect     : Виклик методу: getTakenTimesByDate
2025-05-01T07:02:09.900+03:00  INFO 5880 --- [med-lab-final] [http-nio-8080-exec-7] o.j.medlabfinal.aspect.LoggingAspect     : Виклик методу: save
2025-05-01T07:02:09.911+03:00  INFO 5880 --- [med-lab-final] [http-nio-8080-exec-7] o.j.medlabfinal.aspect.LoggingAspect     : Виклик методу: sendConfirmation
2025-05-01T07:02:12.851+03:00  INFO 5880 --- [med-lab-final] [http-nio-8080-exec-8] o.j.medlabfinal.aspect.LoggingAspect     : Виклик методу: findAll
2025-05-01T07:03:00.585+03:00  INFO 5880 --- [med-lab-final] [http-nio-8080-exec-10] o.j.medlabfinal.aspect.LoggingAspect     : Виклик методу: getTakenTimesByDate
2025-05-01T07:03:05.418+03:00  INFO 5880 --- [med-lab-final] [http-nio-8080-exec-1] o.j.medlabfinal.aspect.LoggingAspect     : Виклик методу: save
2025-05-01T07:03:05.427+03:00  INFO 5880 --- [med-lab-final] [http-nio-8080-exec-1] o.j.medlabfinal.aspect.LoggingAspect     : Виклик методу: sendConfirmation
2025-05-01T07:03:06.883+03:00  INFO 5880 --- [med-lab-final] [http-nio-8080-exec-2] o.j.medlabfinal.aspect.LoggingAspect     : Виклик методу: findAll
2025-05-01T07:03:52.479+03:00  INFO 5880 --- [med-lab-final] [http-nio-8080-exec-4] o.j.medlabfinal.aspect.LoggingAspect     : Виклик методу: getTakenTimesByDate
2025-05-01T07:03:56.014+03:00  INFO 5880 --- [med-lab-final] [http-nio-8080-exec-5] o.j.medlabfinal.aspect.LoggingAspect     : Виклик методу: save
2025-05-01T07:03:56.022+03:00  INFO 5880 --- [med-lab-final] [http-nio-8080-exec-5] o.j.medlabfinal.aspect.LoggingAspect     : Виклик методу: sendConfirmation
2025-05-01T07:03:58.984+03:00  INFO 5880 --- [med-lab-final] [http-nio-8080-exec-6] o.j.medlabfinal.aspect.LoggingAspect     : Виклик методу: findAll
2025-05-01T07:04:32.580+03:00  INFO 5880 --- [med-lab-final] [http-nio-8080-exec-2] o.j.medlabfinal.aspect.LoggingAspect     : Виклик методу: findAllPaginated
2025-05-01T07:04:35.250+03:00  INFO 5880 --- [med-lab-final] [http-nio-8080-exec-4] o.j.medlabfinal.aspect.LoggingAspect     : Виклик методу: findAllPaginated
2025-05-01T07:04:36.888+03:00  INFO 5880 --- [med-lab-final] [http-nio-8080-exec-6] o.j.medlabfinal.aspect.LoggingAspect     : Виклик методу: findAllPaginated
2025-05-01T07:05:38.006+03:00  INFO 5880 --- [med-lab-final] [http-nio-8080-exec-9] o.j.medlabfinal.aspect.LoggingAspect     : Виклик методу: getTakenTimesByDate
2025-05-01T07:05:41.862+03:00  INFO 5880 --- [med-lab-final] [http-nio-8080-exec-10] o.j.medlabfinal.aspect.LoggingAspect     : Виклик методу: save
2025-05-01T07:05:41.870+03:00  INFO 5880 --- [med-lab-final] [http-nio-8080-exec-10] o.j.medlabfinal.aspect.LoggingAspect     : Виклик методу: sendConfirmation
2025-05-01T07:05:43.337+03:00  INFO 5880 --- [med-lab-final] [http-nio-8080-exec-1] o.j.medlabfinal.aspect.LoggingAspect     : Виклик методу: findAll
2025-05-01T07:07:14.880+03:00  INFO 5880 --- [med-lab-final] [http-nio-8080-exec-4] o.j.medlabfinal.aspect.LoggingAspect     : Виклик методу: getTakenTimesByDate
2025-05-01T07:07:17.669+03:00  INFO 5880 --- [med-lab-final] [http-nio-8080-exec-5] o.j.medlabfinal.aspect.LoggingAspect     : Виклик методу: save
2025-05-01T07:07:17.679+03:00  INFO 5880 --- [med-lab-final] [http-nio-8080-exec-5] o.j.medlabfinal.aspect.LoggingAspect     : Виклик методу: sendConfirmation
2025-05-01T07:07:20.820+03:00  INFO 5880 --- [med-lab-final] [http-nio-8080-exec-6] o.j.medlabfinal.aspect.LoggingAspect     : Виклик методу: findAll
2025-05-01T07:07:22.035+03:00  INFO 5880 --- [med-lab-final] [http-nio-8080-exec-8] o.j.medlabfinal.aspect.LoggingAspect     : Виклик методу: findAllPaginated
2025-05-01T07:07:24.209+03:00  INFO 5880 --- [med-lab-final] [http-nio-8080-exec-10] o.j.medlabfinal.aspect.LoggingAspect     : Виклик методу: findAllPaginated
2025-05-01T07:07:34.203+03:00  INFO 5880 --- [med-lab-final] [http-nio-8080-exec-2] o.j.medlabfinal.aspect.LoggingAspect     : Виклик методу: findAllPaginated
2025-05-01T07:07:36.055+03:00  INFO 5880 --- [med-lab-final] [http-nio-8080-exec-4] o.j.medlabfinal.aspect.LoggingAspect     : Виклик методу: findAllPaginated
2025-05-01T07:07:37.421+03:00  INFO 5880 --- [med-lab-final] [http-nio-8080-exec-6] o.j.medlabfinal.aspect.LoggingAspect     : Виклик методу: findAllPaginated
2025-05-01T07:08:16.778+03:00  INFO 5880 --- [med-lab-final] [http-nio-8080-exec-8] o.j.medlabfinal.aspect.LoggingAspect     : Виклик методу: getTakenTimesByDate
2025-05-01T07:08:20.462+03:00  INFO 5880 --- [med-lab-final] [http-nio-8080-exec-9] o.j.medlabfinal.aspect.LoggingAspect     : Виклик методу: save
2025-05-01T07:08:20.477+03:00  INFO 5880 --- [med-lab-final] [http-nio-8080-exec-9] o.j.medlabfinal.aspect.LoggingAspect     : Виклик методу: sendConfirmation
2025-05-01T07:08:22.159+03:00  INFO 5880 --- [med-lab-final] [http-nio-8080-exec-10] o.j.medlabfinal.aspect.LoggingAspect     : Виклик методу: findAll
2025-05-01T07:08:30.895+03:00  INFO 6092 --- [med-lab-final] [main] o.j.m.c.AppointmentControllerTest        : Starting AppointmentControllerTest using Java 18.0.2 with PID 6092 (started by kravchuk in /Volumes/Other/JavaProj/med-lab-final)
2025-05-01T07:08:30.896+03:00  INFO 6092 --- [med-lab-final] [main] o.j.m.c.AppointmentControllerTest        : The following 1 profile is active: "test"
2025-05-01T07:08:31.182+03:00  INFO 6092 --- [med-lab-final] [main] .s.d.r.c.RepositoryConfigurationDelegate : Bootstrapping Spring Data JPA repositories in DEFAULT mode.
2025-05-01T07:08:31.205+03:00  INFO 6092 --- [med-lab-final] [main] .s.d.r.c.RepositoryConfigurationDelegate : Finished Spring Data repository scanning in 18 ms. Found 3 JPA repository interfaces.
2025-05-01T07:08:31.433+03:00  INFO 6092 --- [med-lab-final] [main] o.hibernate.jpa.internal.util.LogHelper  : HHH000204: Processing PersistenceUnitInfo [name: default]
2025-05-01T07:08:31.463+03:00  INFO 6092 --- [med-lab-final] [main] org.hibernate.Version                    : HHH000412: Hibernate ORM core version 6.6.11.Final
2025-05-01T07:08:31.478+03:00  INFO 6092 --- [med-lab-final] [main] o.h.c.internal.RegionFactoryInitiator    : HHH000026: Second-level cache disabled
2025-05-01T07:08:31.606+03:00  INFO 6092 --- [med-lab-final] [main] o.s.o.j.p.SpringPersistenceUnitInfo      : No LoadTimeWeaver setup: ignoring JPA class transformer
2025-05-01T07:08:31.622+03:00  INFO 6092 --- [med-lab-final] [main] com.zaxxer.hikari.HikariDataSource       : HikariPool-1 - Starting...
2025-05-01T07:08:31.713+03:00  INFO 6092 --- [med-lab-final] [main] com.zaxxer.hikari.pool.HikariPool        : HikariPool-1 - Added connection conn0: url=jdbc:h2:mem:testdb user=SA
2025-05-01T07:08:31.714+03:00  INFO 6092 --- [med-lab-final] [main] com.zaxxer.hikari.HikariDataSource       : HikariPool-1 - Start completed.
2025-05-01T07:08:31.726+03:00  WARN 6092 --- [med-lab-final] [main] org.hibernate.orm.deprecation            : HHH90000025: H2Dialect does not need to be specified explicitly using 'hibernate.dialect' (remove the property setting and it will be selected by default)
2025-05-01T07:08:31.739+03:00  INFO 6092 --- [med-lab-final] [main] org.hibernate.orm.connections.pooling    : HHH10001005: Database info:
	Database JDBC URL [Connecting through datasource 'HikariDataSource (HikariPool-1)']
	Database driver: undefined/unknown
	Database version: 2.3.232
	Autocommit mode: undefined/unknown
	Isolation level: undefined/unknown
	Minimum pool size: undefined/unknown
	Maximum pool size: undefined/unknown
2025-05-01T07:08:32.142+03:00  INFO 6092 --- [med-lab-final] [main] o.h.e.t.j.p.i.JtaPlatformInitiator       : HHH000489: No JTA platform available (set 'hibernate.transaction.jta.platform' to enable JTA platform integration)
2025-05-01T07:08:32.164+03:00  INFO 6092 --- [med-lab-final] [main] j.LocalContainerEntityManagerFactoryBean : Initialized JPA EntityManagerFactory for persistence unit 'default'
2025-05-01T07:08:32.492+03:00  WARN 6092 --- [med-lab-final] [main] JpaBaseConfiguration$JpaWebConfiguration : spring.jpa.open-in-view is enabled by default. Therefore, database queries may be performed during view rendering. Explicitly configure spring.jpa.open-in-view to disable this warning
2025-05-01T07:08:32.716+03:00  INFO 6092 --- [med-lab-final] [main] o.s.b.t.m.w.SpringBootMockServletContext : Initializing Spring TestDispatcherServlet ''
2025-05-01T07:08:32.716+03:00  INFO 6092 --- [med-lab-final] [main] o.s.t.web.servlet.TestDispatcherServlet  : Initializing Servlet ''
2025-05-01T07:08:32.716+03:00  INFO 6092 --- [med-lab-final] [main] o.s.t.web.servlet.TestDispatcherServlet  : Completed initialization in 0 ms
2025-05-01T07:08:32.731+03:00  INFO 6092 --- [med-lab-final] [main] o.j.m.c.AppointmentControllerTest        : Started AppointmentControllerTest in 1.977 seconds (process running for 2.622)
2025-05-01T07:08:32.887+03:00  INFO 6092 --- [med-lab-final] [main] o.j.medlabfinal.aspect.LoggingAspect     : Виклик методу: save
2025-05-01T07:08:32.917+03:00  INFO 6092 --- [med-lab-final] [main] o.j.medlabfinal.aspect.LoggingAspect     : Виклик методу: save
2025-05-01T07:08:32.941+03:00  INFO 6092 --- [med-lab-final] [main] o.j.medlabfinal.aspect.LoggingAspect     : Виклик методу: findAll
2025-05-01T07:08:33.147+03:00  INFO 6092 --- [med-lab-final] [main] o.j.medlabfinal.aspect.LoggingAspect     : Виклик методу: save
2025-05-01T07:08:33.148+03:00  INFO 6092 --- [med-lab-final] [main] o.j.medlabfinal.aspect.LoggingAspect     : Виклик методу: save
2025-05-01T07:08:33.168+03:00  INFO 6092 --- [med-lab-final] [main] o.j.medlabfinal.aspect.LoggingAspect     : Виклик методу: findAll
2025-05-01T07:08:33.177+03:00  INFO 6092 --- [med-lab-final] [main] o.j.medlabfinal.aspect.LoggingAspect     : Виклик методу: save
2025-05-01T07:08:33.178+03:00  INFO 6092 --- [med-lab-final] [main] o.j.medlabfinal.aspect.LoggingAspect     : Виклик методу: save
2025-05-01T07:08:33.286+03:00  INFO 6092 --- [med-lab-final] [main] o.j.medlabfinal.aspect.LoggingAspect     : Виклик методу: save
2025-05-01T07:08:33.291+03:00  INFO 6092 --- [med-lab-final] [main] o.j.medlabfinal.aspect.LoggingAspect     : Виклик методу: sendConfirmation
2025-05-01T07:08:36.383+03:00  INFO 6092 --- [med-lab-final] [main] o.j.medlabfinal.aspect.LoggingAspect     : Виклик методу: save
2025-05-01T07:08:36.385+03:00  INFO 6092 --- [med-lab-final] [main] o.j.medlabfinal.aspect.LoggingAspect     : Виклик методу: save
2025-05-01T07:08:36.386+03:00  INFO 6092 --- [med-lab-final] [main] o.j.medlabfinal.aspect.LoggingAspect     : Виклик методу: save
2025-05-01T07:08:36.411+03:00  INFO 6092 --- [med-lab-final] [main] o.j.medlabfinal.aspect.LoggingAspect     : Виклик методу: deleteById
2025-05-01T07:08:36.419+03:00  INFO 6092 --- [med-lab-final] [SpringApplicationShutdownHook] j.LocalContainerEntityManagerFactoryBean : Closing JPA EntityManagerFactory for persistence unit 'default'
2025-05-01T07:08:36.422+03:00  INFO 6092 --- [med-lab-final] [SpringApplicationShutdownHook] com.zaxxer.hikari.HikariDataSource       : HikariPool-1 - Shutdown initiated...
2025-05-01T07:08:36.422+03:00  INFO 6092 --- [med-lab-final] [SpringApplicationShutdownHook] com.zaxxer.hikari.HikariDataSource       : HikariPool-1 - Shutdown completed.
2025-05-01T07:08:48.355+03:00  INFO 6110 --- [med-lab-final] [main] o.j.m.c.MedicalAnalysisControllerTest    : Starting MedicalAnalysisControllerTest using Java 18.0.2 with PID 6110 (started by kravchuk in /Volumes/Other/JavaProj/med-lab-final)
2025-05-01T07:08:48.355+03:00  INFO 6110 --- [med-lab-final] [main] o.j.m.c.MedicalAnalysisControllerTest    : The following 1 profile is active: "test"
2025-05-01T07:08:48.615+03:00  INFO 6110 --- [med-lab-final] [main] .s.d.r.c.RepositoryConfigurationDelegate : Bootstrapping Spring Data JPA repositories in DEFAULT mode.
2025-05-01T07:08:48.638+03:00  INFO 6110 --- [med-lab-final] [main] .s.d.r.c.RepositoryConfigurationDelegate : Finished Spring Data repository scanning in 19 ms. Found 3 JPA repository interfaces.
2025-05-01T07:08:48.843+03:00  INFO 6110 --- [med-lab-final] [main] o.hibernate.jpa.internal.util.LogHelper  : HHH000204: Processing PersistenceUnitInfo [name: default]
2025-05-01T07:08:48.867+03:00  INFO 6110 --- [med-lab-final] [main] org.hibernate.Version                    : HHH000412: Hibernate ORM core version 6.6.11.Final
2025-05-01T07:08:48.879+03:00  INFO 6110 --- [med-lab-final] [main] o.h.c.internal.RegionFactoryInitiator    : HHH000026: Second-level cache disabled
2025-05-01T07:08:48.983+03:00  INFO 6110 --- [med-lab-final] [main] o.s.o.j.p.SpringPersistenceUnitInfo      : No LoadTimeWeaver setup: ignoring JPA class transformer
2025-05-01T07:08:48.994+03:00  INFO 6110 --- [med-lab-final] [main] com.zaxxer.hikari.HikariDataSource       : HikariPool-1 - Starting...
2025-05-01T07:08:49.072+03:00  INFO 6110 --- [med-lab-final] [main] com.zaxxer.hikari.pool.HikariPool        : HikariPool-1 - Added connection conn0: url=jdbc:h2:mem:testdb user=SA
2025-05-01T07:08:49.073+03:00  INFO 6110 --- [med-lab-final] [main] com.zaxxer.hikari.HikariDataSource       : HikariPool-1 - Start completed.
2025-05-01T07:08:49.086+03:00  WARN 6110 --- [med-lab-final] [main] org.hibernate.orm.deprecation            : HHH90000025: H2Dialect does not need to be specified explicitly using 'hibernate.dialect' (remove the property setting and it will be selected by default)
2025-05-01T07:08:49.100+03:00  INFO 6110 --- [med-lab-final] [main] org.hibernate.orm.connections.pooling    : HHH10001005: Database info:
	Database JDBC URL [Connecting through datasource 'HikariDataSource (HikariPool-1)']
	Database driver: undefined/unknown
	Database version: 2.3.232
	Autocommit mode: undefined/unknown
	Isolation level: undefined/unknown
	Minimum pool size: undefined/unknown
	Maximum pool size: undefined/unknown
2025-05-01T07:08:49.481+03:00  INFO 6110 --- [med-lab-final] [main] o.h.e.t.j.p.i.JtaPlatformInitiator       : HHH000489: No JTA platform available (set 'hibernate.transaction.jta.platform' to enable JTA platform integration)
2025-05-01T07:08:49.499+03:00  INFO 6110 --- [med-lab-final] [main] j.LocalContainerEntityManagerFactoryBean : Initialized JPA EntityManagerFactory for persistence unit 'default'
2025-05-01T07:08:49.813+03:00  WARN 6110 --- [med-lab-final] [main] JpaBaseConfiguration$JpaWebConfiguration : spring.jpa.open-in-view is enabled by default. Therefore, database queries may be performed during view rendering. Explicitly configure spring.jpa.open-in-view to disable this warning
2025-05-01T07:08:50.004+03:00  INFO 6110 --- [med-lab-final] [main] o.s.b.t.m.w.SpringBootMockServletContext : Initializing Spring TestDispatcherServlet ''
2025-05-01T07:08:50.004+03:00  INFO 6110 --- [med-lab-final] [main] o.s.t.web.servlet.TestDispatcherServlet  : Initializing Servlet ''
2025-05-01T07:08:50.005+03:00  INFO 6110 --- [med-lab-final] [main] o.s.t.web.servlet.TestDispatcherServlet  : Completed initialization in 1 ms
2025-05-01T07:08:50.018+03:00  INFO 6110 --- [med-lab-final] [main] o.j.m.c.MedicalAnalysisControllerTest    : Started MedicalAnalysisControllerTest in 1.8 seconds (process running for 2.341)
2025-05-01T07:08:50.264+03:00  INFO 6110 --- [med-lab-final] [main] o.j.medlabfinal.aspect.LoggingAspect     : Виклик методу: deleteById
2025-05-01T07:08:50.310+03:00  INFO 6110 --- [med-lab-final] [main] o.j.medlabfinal.aspect.LoggingAspect     : Виклик методу: findById
2025-05-01T07:08:50.310+03:00  INFO 6110 --- [med-lab-final] [main] o.j.medlabfinal.aspect.LoggingAspect     : Виклик методу: save
2025-05-01T07:08:50.331+03:00  INFO 6110 --- [med-lab-final] [main] o.j.medlabfinal.aspect.LoggingAspect     : Виклик методу: searchByName
2025-05-01T07:08:50.500+03:00  INFO 6110 --- [med-lab-final] [main] o.j.medlabfinal.aspect.LoggingAspect     : Виклик методу: save
2025-05-01T07:08:50.631+03:00  INFO 6110 --- [med-lab-final] [main] o.j.medlabfinal.aspect.LoggingAspect     : Виклик методу: findAll
2025-05-01T07:08:50.641+03:00  INFO 6110 --- [med-lab-final] [SpringApplicationShutdownHook] j.LocalContainerEntityManagerFactoryBean : Closing JPA EntityManagerFactory for persistence unit 'default'
2025-05-01T07:08:50.644+03:00  INFO 6110 --- [med-lab-final] [SpringApplicationShutdownHook] com.zaxxer.hikari.HikariDataSource       : HikariPool-1 - Shutdown initiated...
2025-05-01T07:08:50.644+03:00  INFO 6110 --- [med-lab-final] [SpringApplicationShutdownHook] com.zaxxer.hikari.HikariDataSource       : HikariPool-1 - Shutdown completed.
2025-05-01T07:08:59.112+03:00  INFO 5880 --- [med-lab-final] [http-nio-8080-exec-2] o.j.medlabfinal.aspect.LoggingAspect     : Виклик методу: findAllPaginated
2025-05-01T07:09:00.060+03:00  INFO 5880 --- [med-lab-final] [http-nio-8080-exec-4] o.j.medlabfinal.aspect.LoggingAspect     : Виклик методу: findAllPaginated
2025-05-01T07:09:01.553+03:00  INFO 5880 --- [med-lab-final] [http-nio-8080-exec-6] o.j.medlabfinal.aspect.LoggingAspect     : Виклик методу: findAllPaginated
2025-05-01T07:09:11.721+03:00  INFO 5880 --- [med-lab-final] [http-nio-8080-exec-10] o.j.medlabfinal.aspect.LoggingAspect     : Виклик методу: findAll
2025-05-01T07:09:35.894+03:00  INFO 5880 --- [med-lab-final] [http-nio-8080-exec-2] o.j.medlabfinal.aspect.LoggingAspect     : Виклик методу: findAll
2025-05-01T07:09:43.873+03:00  INFO 5880 --- [med-lab-final] [http-nio-8080-exec-1] o.j.medlabfinal.aspect.LoggingAspect     : Виклик методу: findAll
2025-05-01T07:10:01.326+03:00  INFO 5880 --- [med-lab-final] [http-nio-8080-exec-5] o.j.medlabfinal.aspect.LoggingAspect     : Виклик методу: save
2025-05-01T07:10:01.343+03:00  INFO 5880 --- [med-lab-final] [http-nio-8080-exec-6] o.j.medlabfinal.aspect.LoggingAspect     : Виклик методу: findAll
2025-05-01T07:10:26.559+03:00  INFO 5880 --- [med-lab-final] [http-nio-8080-exec-10] o.j.medlabfinal.aspect.LoggingAspect     : Виклик методу: save
2025-05-01T07:10:26.571+03:00  INFO 5880 --- [med-lab-final] [http-nio-8080-exec-1] o.j.medlabfinal.aspect.LoggingAspect     : Виклик методу: findAll
2025-05-01T07:10:30.094+03:00  INFO 5880 --- [med-lab-final] [http-nio-8080-exec-3] o.j.medlabfinal.aspect.LoggingAspect     : Виклик методу: findById
2025-05-01T07:10:35.090+03:00  INFO 5880 --- [med-lab-final] [http-nio-8080-exec-5] o.j.medlabfinal.aspect.LoggingAspect     : Виклик методу: findById
2025-05-01T07:10:35.096+03:00  INFO 5880 --- [med-lab-final] [http-nio-8080-exec-5] o.j.medlabfinal.aspect.LoggingAspect     : Виклик методу: save
2025-05-01T07:10:35.119+03:00  INFO 5880 --- [med-lab-final] [http-nio-8080-exec-6] o.j.medlabfinal.aspect.LoggingAspect     : Виклик методу: findAll
2025-05-01T07:11:05.527+03:00  INFO 5880 --- [med-lab-final] [http-nio-8080-exec-10] o.j.medlabfinal.aspect.LoggingAspect     : Виклик методу: save
2025-05-01T07:11:05.538+03:00  INFO 5880 --- [med-lab-final] [http-nio-8080-exec-1] o.j.medlabfinal.aspect.LoggingAspect     : Виклик методу: findAll
2025-05-01T07:11:46.175+03:00  INFO 5880 --- [med-lab-final] [http-nio-8080-exec-3] o.j.medlabfinal.aspect.LoggingAspect     : Виклик методу: searchByName
2025-05-01T07:11:47.780+03:00  INFO 5880 --- [med-lab-final] [http-nio-8080-exec-5] o.j.medlabfinal.aspect.LoggingAspect     : Виклик методу: findAll
2025-05-01T07:11:59.976+03:00  INFO 5880 --- [med-lab-final] [http-nio-8080-exec-7] o.j.medlabfinal.aspect.LoggingAspect     : Виклик методу: searchByName
2025-05-01T07:12:08.807+03:00  INFO 5880 --- [med-lab-final] [http-nio-8080-exec-9] o.j.medlabfinal.aspect.LoggingAspect     : Виклик методу: searchByName
2025-05-01T07:12:13.318+03:00  INFO 5880 --- [med-lab-final] [http-nio-8080-exec-1] o.j.medlabfinal.aspect.LoggingAspect     : Виклик методу: findAll
2025-05-01T07:12:47.597+03:00  INFO 5880 --- [med-lab-final] [http-nio-8080-exec-5] o.j.medlabfinal.aspect.LoggingAspect     : Виклик методу: save
2025-05-01T07:12:47.618+03:00  INFO 5880 --- [med-lab-final] [http-nio-8080-exec-6] o.j.medlabfinal.aspect.LoggingAspect     : Виклик методу: findAll
2025-05-01T07:13:28.603+03:00  INFO 5880 --- [med-lab-final] [http-nio-8080-exec-8] o.j.medlabfinal.aspect.LoggingAspect     : Виклик методу: findAll
2025-05-01T07:13:41.445+03:00  INFO 5880 --- [med-lab-final] [http-nio-8080-exec-10] o.j.medlabfinal.aspect.LoggingAspect     : Виклик методу: getTakenTimesByDate
2025-05-01T07:13:44.441+03:00  INFO 5880 --- [med-lab-final] [http-nio-8080-exec-1] o.j.medlabfinal.aspect.LoggingAspect     : Виклик методу: save
2025-05-01T07:13:44.449+03:00  INFO 5880 --- [med-lab-final] [http-nio-8080-exec-1] o.j.medlabfinal.aspect.LoggingAspect     : Виклик методу: sendConfirmation
2025-05-01T07:13:45.942+03:00  INFO 5880 --- [med-lab-final] [http-nio-8080-exec-2] o.j.medlabfinal.aspect.LoggingAspect     : Виклик методу: findAll
2025-05-01T07:14:15.948+03:00  INFO 5880 --- [med-lab-final] [http-nio-8080-exec-5] o.j.medlabfinal.aspect.LoggingAspect     : Виклик методу: getTakenTimesByDate
2025-05-01T07:14:22.886+03:00  INFO 5880 --- [med-lab-final] [http-nio-8080-exec-6] o.j.medlabfinal.aspect.LoggingAspect     : Виклик методу: getTakenTimesByDate
2025-05-01T07:14:26.383+03:00  INFO 5880 --- [med-lab-final] [http-nio-8080-exec-7] o.j.medlabfinal.aspect.LoggingAspect     : Виклик методу: save
2025-05-01T07:14:26.393+03:00  INFO 5880 --- [med-lab-final] [http-nio-8080-exec-7] o.j.medlabfinal.aspect.LoggingAspect     : Виклик методу: sendConfirmation
2025-05-01T07:14:27.826+03:00  INFO 5880 --- [med-lab-final] [http-nio-8080-exec-8] o.j.medlabfinal.aspect.LoggingAspect     : Виклик методу: findAll
2025-05-01T07:14:36.615+03:00  INFO 5880 --- [med-lab-final] [http-nio-8080-exec-7] o.j.medlabfinal.aspect.LoggingAspect     : Виклик методу: findAllPaginated
2025-05-01T07:14:39.090+03:00  INFO 5880 --- [med-lab-final] [http-nio-8080-exec-9] o.j.medlabfinal.aspect.LoggingAspect     : Виклик методу: findAllPaginated
2025-05-01T07:14:40.645+03:00  INFO 5880 --- [med-lab-final] [http-nio-8080-exec-1] o.j.medlabfinal.aspect.LoggingAspect     : Виклик методу: findAllPaginated
2025-05-01T07:14:43.404+03:00  INFO 5880 --- [med-lab-final] [http-nio-8080-exec-3] o.j.medlabfinal.aspect.LoggingAspect     : Виклик методу: findAllPaginated
2025-05-01T07:14:47.797+03:00  INFO 5880 --- [med-lab-final] [http-nio-8080-exec-5] o.j.medlabfinal.aspect.LoggingAspect     : Виклик методу: findAllPaginated
2025-05-01T07:17:52.921+03:00  INFO 5880 --- [med-lab-final] [SpringApplicationShutdownHook] o.s.b.w.e.tomcat.GracefulShutdown        : Commencing graceful shutdown. Waiting for active requests to complete
2025-05-01T07:17:52.925+03:00  INFO 5880 --- [med-lab-final] [tomcat-shutdown] o.s.b.w.e.tomcat.GracefulShutdown        : Graceful shutdown complete
2025-05-01T07:17:52.930+03:00  INFO 5880 --- [med-lab-final] [SpringApplicationShutdownHook] j.LocalContainerEntityManagerFactoryBean : Closing JPA EntityManagerFactory for persistence unit 'default'
2025-05-01T07:17:52.935+03:00  INFO 5880 --- [med-lab-final] [SpringApplicationShutdownHook] com.zaxxer.hikari.HikariDataSource       : HikariPool-1 - Shutdown initiated...
2025-05-01T07:17:52.941+03:00  INFO 5880 --- [med-lab-final] [SpringApplicationShutdownHook] com.zaxxer.hikari.HikariDataSource       : HikariPool-1 - Shutdown completed.
2025-05-01T07:17:54.248+03:00  INFO 6206 --- [med-lab-final] [restartedMain] o.j.medlabfinal.MedLabFinalApplication   : Starting MedLabFinalApplication using Java 18.0.2 with PID 6206 (/Volumes/Other/JavaProj/med-lab-final/target/classes started by kravchuk in /Volumes/Other/JavaProj/med-lab-final)
2025-05-01T07:17:54.249+03:00  INFO 6206 --- [med-lab-final] [restartedMain] o.j.medlabfinal.MedLabFinalApplication   : No active profile set, falling back to 1 default profile: "default"
2025-05-01T07:17:54.268+03:00  INFO 6206 --- [med-lab-final] [restartedMain] .e.DevToolsPropertyDefaultsPostProcessor : Devtools property defaults active! Set 'spring.devtools.add-properties' to 'false' to disable
2025-05-01T07:17:54.268+03:00  INFO 6206 --- [med-lab-final] [restartedMain] .e.DevToolsPropertyDefaultsPostProcessor : For additional web related logging consider setting the 'logging.level.web' property to 'DEBUG'
2025-05-01T07:17:54.526+03:00  INFO 6206 --- [med-lab-final] [restartedMain] .s.d.r.c.RepositoryConfigurationDelegate : Bootstrapping Spring Data JPA repositories in DEFAULT mode.
2025-05-01T07:17:54.548+03:00  INFO 6206 --- [med-lab-final] [restartedMain] .s.d.r.c.RepositoryConfigurationDelegate : Finished Spring Data repository scanning in 18 ms. Found 3 JPA repository interfaces.
2025-05-01T07:17:54.808+03:00  INFO 6206 --- [med-lab-final] [restartedMain] o.s.b.w.embedded.tomcat.TomcatWebServer  : Tomcat initialized with port 8080 (http)
2025-05-01T07:17:54.815+03:00  INFO 6206 --- [med-lab-final] [restartedMain] o.apache.catalina.core.StandardService   : Starting service [Tomcat]
2025-05-01T07:17:54.815+03:00  INFO 6206 --- [med-lab-final] [restartedMain] o.apache.catalina.core.StandardEngine    : Starting Servlet engine: [Apache Tomcat/10.1.39]
2025-05-01T07:17:54.828+03:00  INFO 6206 --- [med-lab-final] [restartedMain] o.a.c.c.C.[Tomcat].[localhost].[/]       : Initializing Spring embedded WebApplicationContext
2025-05-01T07:17:54.829+03:00  INFO 6206 --- [med-lab-final] [restartedMain] w.s.c.ServletWebServerApplicationContext : Root WebApplicationContext: initialization completed in 561 ms
2025-05-01T07:17:54.901+03:00  INFO 6206 --- [med-lab-final] [restartedMain] o.hibernate.jpa.internal.util.LogHelper  : HHH000204: Processing PersistenceUnitInfo [name: default]
2025-05-01T07:17:54.920+03:00  INFO 6206 --- [med-lab-final] [restartedMain] org.hibernate.Version                    : HHH000412: Hibernate ORM core version 6.6.11.Final
2025-05-01T07:17:54.931+03:00  INFO 6206 --- [med-lab-final] [restartedMain] o.h.c.internal.RegionFactoryInitiator    : HHH000026: Second-level cache disabled
2025-05-01T07:17:55.031+03:00  INFO 6206 --- [med-lab-final] [restartedMain] o.s.o.j.p.SpringPersistenceUnitInfo      : No LoadTimeWeaver setup: ignoring JPA class transformer
2025-05-01T07:17:55.042+03:00  INFO 6206 --- [med-lab-final] [restartedMain] com.zaxxer.hikari.HikariDataSource       : HikariPool-1 - Starting...
2025-05-01T07:17:55.181+03:00  INFO 6206 --- [med-lab-final] [restartedMain] com.zaxxer.hikari.pool.HikariPool        : HikariPool-1 - Added connection com.mysql.cj.jdbc.ConnectionImpl@62f781dc
2025-05-01T07:17:55.182+03:00  INFO 6206 --- [med-lab-final] [restartedMain] com.zaxxer.hikari.HikariDataSource       : HikariPool-1 - Start completed.
2025-05-01T07:17:55.222+03:00  INFO 6206 --- [med-lab-final] [restartedMain] org.hibernate.orm.connections.pooling    : HHH10001005: Database info:
	Database JDBC URL [Connecting through datasource 'HikariDataSource (HikariPool-1)']
	Database driver: undefined/unknown
	Database version: 8.0.40
	Autocommit mode: undefined/unknown
	Isolation level: undefined/unknown
	Minimum pool size: undefined/unknown
	Maximum pool size: undefined/unknown
2025-05-01T07:17:55.583+03:00  INFO 6206 --- [med-lab-final] [restartedMain] o.h.e.t.j.p.i.JtaPlatformInitiator       : HHH000489: No JTA platform available (set 'hibernate.transaction.jta.platform' to enable JTA platform integration)
2025-05-01T07:17:55.624+03:00  INFO 6206 --- [med-lab-final] [restartedMain] j.LocalContainerEntityManagerFactoryBean : Initialized JPA EntityManagerFactory for persistence unit 'default'
2025-05-01T07:17:55.856+03:00  WARN 6206 --- [med-lab-final] [restartedMain] JpaBaseConfiguration$JpaWebConfiguration : spring.jpa.open-in-view is enabled by default. Therefore, database queries may be performed during view rendering. Explicitly configure spring.jpa.open-in-view to disable this warning
2025-05-01T07:17:56.137+03:00  INFO 6206 --- [med-lab-final] [restartedMain] o.s.b.a.h2.H2ConsoleAutoConfiguration    : H2 console available at '/h2-console'. Database available at 'jdbc:mysql://localhost:3306/test_lab'
2025-05-01T07:17:56.181+03:00  INFO 6206 --- [med-lab-final] [restartedMain] o.s.b.d.a.OptionalLiveReloadServer       : LiveReload server is running on port 35729
2025-05-01T07:17:56.200+03:00  INFO 6206 --- [med-lab-final] [restartedMain] o.s.b.w.embedded.tomcat.TomcatWebServer  : Tomcat started on port 8080 (http) with context path '/'
2025-05-01T07:17:56.206+03:00  INFO 6206 --- [med-lab-final] [restartedMain] o.j.medlabfinal.MedLabFinalApplication   : Started MedLabFinalApplication in 2.108 seconds (process running for 2.381)
2025-05-01T07:18:00.042+03:00  INFO 6206 --- [med-lab-final] [http-nio-8080-exec-1] o.a.c.c.C.[Tomcat].[localhost].[/]       : Initializing Spring DispatcherServlet 'dispatcherServlet'
2025-05-01T07:18:00.043+03:00  INFO 6206 --- [med-lab-final] [http-nio-8080-exec-1] o.s.web.servlet.DispatcherServlet        : Initializing Servlet 'dispatcherServlet'
2025-05-01T07:18:00.044+03:00  INFO 6206 --- [med-lab-final] [http-nio-8080-exec-1] o.s.web.servlet.DispatcherServlet        : Completed initialization in 1 ms
2025-05-01T07:19:15.427+03:00  INFO 6206 --- [med-lab-final] [SpringApplicationShutdownHook] o.s.b.w.e.tomcat.GracefulShutdown        : Commencing graceful shutdown. Waiting for active requests to complete
2025-05-01T07:19:15.431+03:00  INFO 6206 --- [med-lab-final] [tomcat-shutdown] o.s.b.w.e.tomcat.GracefulShutdown        : Graceful shutdown complete
2025-05-01T07:19:15.435+03:00  INFO 6206 --- [med-lab-final] [SpringApplicationShutdownHook] j.LocalContainerEntityManagerFactoryBean : Closing JPA EntityManagerFactory for persistence unit 'default'
2025-05-01T07:19:15.439+03:00  INFO 6206 --- [med-lab-final] [SpringApplicationShutdownHook] com.zaxxer.hikari.HikariDataSource       : HikariPool-1 - Shutdown initiated...
2025-05-01T07:19:15.448+03:00  INFO 6206 --- [med-lab-final] [SpringApplicationShutdownHook] com.zaxxer.hikari.HikariDataSource       : HikariPool-1 - Shutdown completed.
2025-05-01T07:19:16.914+03:00  INFO 6266 --- [med-lab-final] [restartedMain] o.j.medlabfinal.MedLabFinalApplication   : Starting MedLabFinalApplication using Java 18.0.2 with PID 6266 (/Volumes/Other/JavaProj/med-lab-final/target/classes started by kravchuk in /Volumes/Other/JavaProj/med-lab-final)
2025-05-01T07:19:16.916+03:00  INFO 6266 --- [med-lab-final] [restartedMain] o.j.medlabfinal.MedLabFinalApplication   : No active profile set, falling back to 1 default profile: "default"
2025-05-01T07:19:16.947+03:00  INFO 6266 --- [med-lab-final] [restartedMain] .e.DevToolsPropertyDefaultsPostProcessor : Devtools property defaults active! Set 'spring.devtools.add-properties' to 'false' to disable
2025-05-01T07:19:16.947+03:00  INFO 6266 --- [med-lab-final] [restartedMain] .e.DevToolsPropertyDefaultsPostProcessor : For additional web related logging consider setting the 'logging.level.web' property to 'DEBUG'
2025-05-01T07:19:17.261+03:00  INFO 6266 --- [med-lab-final] [restartedMain] .s.d.r.c.RepositoryConfigurationDelegate : Bootstrapping Spring Data JPA repositories in DEFAULT mode.
2025-05-01T07:19:17.287+03:00  INFO 6266 --- [med-lab-final] [restartedMain] .s.d.r.c.RepositoryConfigurationDelegate : Finished Spring Data repository scanning in 21 ms. Found 3 JPA repository interfaces.
2025-05-01T07:19:17.584+03:00  INFO 6266 --- [med-lab-final] [restartedMain] o.s.b.w.embedded.tomcat.TomcatWebServer  : Tomcat initialized with port 8080 (http)
2025-05-01T07:19:17.590+03:00  INFO 6266 --- [med-lab-final] [restartedMain] o.apache.catalina.core.StandardService   : Starting service [Tomcat]
2025-05-01T07:19:17.590+03:00  INFO 6266 --- [med-lab-final] [restartedMain] o.apache.catalina.core.StandardEngine    : Starting Servlet engine: [Apache Tomcat/10.1.39]
2025-05-01T07:19:17.604+03:00  INFO 6266 --- [med-lab-final] [restartedMain] o.a.c.c.C.[Tomcat].[localhost].[/]       : Initializing Spring embedded WebApplicationContext
2025-05-01T07:19:17.604+03:00  INFO 6266 --- [med-lab-final] [restartedMain] w.s.c.ServletWebServerApplicationContext : Root WebApplicationContext: initialization completed in 657 ms
2025-05-01T07:19:17.679+03:00  INFO 6266 --- [med-lab-final] [restartedMain] o.hibernate.jpa.internal.util.LogHelper  : HHH000204: Processing PersistenceUnitInfo [name: default]
2025-05-01T07:19:17.708+03:00  INFO 6266 --- [med-lab-final] [restartedMain] org.hibernate.Version                    : HHH000412: Hibernate ORM core version 6.6.11.Final
2025-05-01T07:19:17.721+03:00  INFO 6266 --- [med-lab-final] [restartedMain] o.h.c.internal.RegionFactoryInitiator    : HHH000026: Second-level cache disabled
2025-05-01T07:19:17.848+03:00  INFO 6266 --- [med-lab-final] [restartedMain] o.s.o.j.p.SpringPersistenceUnitInfo      : No LoadTimeWeaver setup: ignoring JPA class transformer
2025-05-01T07:19:17.860+03:00  INFO 6266 --- [med-lab-final] [restartedMain] com.zaxxer.hikari.HikariDataSource       : HikariPool-1 - Starting...
2025-05-01T07:19:18.044+03:00  INFO 6266 --- [med-lab-final] [restartedMain] com.zaxxer.hikari.pool.HikariPool        : HikariPool-1 - Added connection com.mysql.cj.jdbc.ConnectionImpl@3547ebac
2025-05-01T07:19:18.045+03:00  INFO 6266 --- [med-lab-final] [restartedMain] com.zaxxer.hikari.HikariDataSource       : HikariPool-1 - Start completed.
2025-05-01T07:19:18.093+03:00  INFO 6266 --- [med-lab-final] [restartedMain] org.hibernate.orm.connections.pooling    : HHH10001005: Database info:
	Database JDBC URL [Connecting through datasource 'HikariDataSource (HikariPool-1)']
	Database driver: undefined/unknown
	Database version: 8.0.40
	Autocommit mode: undefined/unknown
	Isolation level: undefined/unknown
	Minimum pool size: undefined/unknown
	Maximum pool size: undefined/unknown
2025-05-01T07:19:18.452+03:00  INFO 6266 --- [med-lab-final] [restartedMain] o.h.e.t.j.p.i.JtaPlatformInitiator       : HHH000489: No JTA platform available (set 'hibernate.transaction.jta.platform' to enable JTA platform integration)
2025-05-01T07:19:18.496+03:00  INFO 6266 --- [med-lab-final] [restartedMain] j.LocalContainerEntityManagerFactoryBean : Initialized JPA EntityManagerFactory for persistence unit 'default'
2025-05-01T07:19:18.734+03:00  WARN 6266 --- [med-lab-final] [restartedMain] JpaBaseConfiguration$JpaWebConfiguration : spring.jpa.open-in-view is enabled by default. Therefore, database queries may be performed during view rendering. Explicitly configure spring.jpa.open-in-view to disable this warning
2025-05-01T07:19:18.927+03:00  INFO 6266 --- [med-lab-final] [restartedMain] o.s.b.a.h2.H2ConsoleAutoConfiguration    : H2 console available at '/h2-console'. Database available at 'jdbc:mysql://localhost:3306/test_lab'
2025-05-01T07:19:18.960+03:00  INFO 6266 --- [med-lab-final] [restartedMain] o.s.b.d.a.OptionalLiveReloadServer       : LiveReload server is running on port 35729
2025-05-01T07:19:18.976+03:00  INFO 6266 --- [med-lab-final] [restartedMain] o.s.b.w.embedded.tomcat.TomcatWebServer  : Tomcat started on port 8080 (http) with context path '/'
2025-05-01T07:19:18.981+03:00  INFO 6266 --- [med-lab-final] [restartedMain] o.j.medlabfinal.MedLabFinalApplication   : Started MedLabFinalApplication in 2.303 seconds (process running for 2.723)
2025-05-01T07:19:19.561+03:00  INFO 6266 --- [med-lab-final] [http-nio-8080-exec-1] o.a.c.c.C.[Tomcat].[localhost].[/]       : Initializing Spring DispatcherServlet 'dispatcherServlet'
2025-05-01T07:19:19.562+03:00  INFO 6266 --- [med-lab-final] [http-nio-8080-exec-1] o.s.web.servlet.DispatcherServlet        : Initializing Servlet 'dispatcherServlet'
2025-05-01T07:19:19.563+03:00  INFO 6266 --- [med-lab-final] [http-nio-8080-exec-1] o.s.web.servlet.DispatcherServlet        : Completed initialization in 1 ms
2025-05-01T07:20:21.133+03:00  INFO 6266 --- [med-lab-final] [SpringApplicationShutdownHook] o.s.b.w.e.tomcat.GracefulShutdown        : Commencing graceful shutdown. Waiting for active requests to complete
2025-05-01T07:20:21.138+03:00  INFO 6266 --- [med-lab-final] [tomcat-shutdown] o.s.b.w.e.tomcat.GracefulShutdown        : Graceful shutdown complete
2025-05-01T07:20:21.141+03:00  INFO 6266 --- [med-lab-final] [SpringApplicationShutdownHook] j.LocalContainerEntityManagerFactoryBean : Closing JPA EntityManagerFactory for persistence unit 'default'
2025-05-01T07:20:21.144+03:00  INFO 6266 --- [med-lab-final] [SpringApplicationShutdownHook] com.zaxxer.hikari.HikariDataSource       : HikariPool-1 - Shutdown initiated...
2025-05-01T07:20:21.153+03:00  INFO 6266 --- [med-lab-final] [SpringApplicationShutdownHook] com.zaxxer.hikari.HikariDataSource       : HikariPool-1 - Shutdown completed.
2025-05-01T07:20:22.552+03:00  INFO 6297 --- [med-lab-final] [restartedMain] o.j.medlabfinal.MedLabFinalApplication   : Starting MedLabFinalApplication using Java 18.0.2 with PID 6297 (/Volumes/Other/JavaProj/med-lab-final/target/classes started by kravchuk in /Volumes/Other/JavaProj/med-lab-final)
2025-05-01T07:20:22.553+03:00  INFO 6297 --- [med-lab-final] [restartedMain] o.j.medlabfinal.MedLabFinalApplication   : No active profile set, falling back to 1 default profile: "default"
2025-05-01T07:20:22.572+03:00  INFO 6297 --- [med-lab-final] [restartedMain] .e.DevToolsPropertyDefaultsPostProcessor : Devtools property defaults active! Set 'spring.devtools.add-properties' to 'false' to disable
2025-05-01T07:20:22.572+03:00  INFO 6297 --- [med-lab-final] [restartedMain] .e.DevToolsPropertyDefaultsPostProcessor : For additional web related logging consider setting the 'logging.level.web' property to 'DEBUG'
2025-05-01T07:20:22.825+03:00  INFO 6297 --- [med-lab-final] [restartedMain] .s.d.r.c.RepositoryConfigurationDelegate : Bootstrapping Spring Data JPA repositories in DEFAULT mode.
2025-05-01T07:20:22.847+03:00  INFO 6297 --- [med-lab-final] [restartedMain] .s.d.r.c.RepositoryConfigurationDelegate : Finished Spring Data repository scanning in 18 ms. Found 3 JPA repository interfaces.
2025-05-01T07:20:23.124+03:00  INFO 6297 --- [med-lab-final] [restartedMain] o.s.b.w.embedded.tomcat.TomcatWebServer  : Tomcat initialized with port 8080 (http)
2025-05-01T07:20:23.130+03:00  INFO 6297 --- [med-lab-final] [restartedMain] o.apache.catalina.core.StandardService   : Starting service [Tomcat]
2025-05-01T07:20:23.130+03:00  INFO 6297 --- [med-lab-final] [restartedMain] o.apache.catalina.core.StandardEngine    : Starting Servlet engine: [Apache Tomcat/10.1.39]
2025-05-01T07:20:23.144+03:00  INFO 6297 --- [med-lab-final] [restartedMain] o.a.c.c.C.[Tomcat].[localhost].[/]       : Initializing Spring embedded WebApplicationContext
2025-05-01T07:20:23.144+03:00  INFO 6297 --- [med-lab-final] [restartedMain] w.s.c.ServletWebServerApplicationContext : Root WebApplicationContext: initialization completed in 572 ms
2025-05-01T07:20:23.216+03:00  INFO 6297 --- [med-lab-final] [restartedMain] o.hibernate.jpa.internal.util.LogHelper  : HHH000204: Processing PersistenceUnitInfo [name: default]
2025-05-01T07:20:23.237+03:00  INFO 6297 --- [med-lab-final] [restartedMain] org.hibernate.Version                    : HHH000412: Hibernate ORM core version 6.6.11.Final
2025-05-01T07:20:23.247+03:00  INFO 6297 --- [med-lab-final] [restartedMain] o.h.c.internal.RegionFactoryInitiator    : HHH000026: Second-level cache disabled
2025-05-01T07:20:23.380+03:00  INFO 6297 --- [med-lab-final] [restartedMain] o.s.o.j.p.SpringPersistenceUnitInfo      : No LoadTimeWeaver setup: ignoring JPA class transformer
2025-05-01T07:20:23.407+03:00  INFO 6297 --- [med-lab-final] [restartedMain] com.zaxxer.hikari.HikariDataSource       : HikariPool-1 - Starting...
2025-05-01T07:20:23.652+03:00  INFO 6297 --- [med-lab-final] [restartedMain] com.zaxxer.hikari.pool.HikariPool        : HikariPool-1 - Added connection com.mysql.cj.jdbc.ConnectionImpl@6bdf57e3
2025-05-01T07:20:23.653+03:00  INFO 6297 --- [med-lab-final] [restartedMain] com.zaxxer.hikari.HikariDataSource       : HikariPool-1 - Start completed.
2025-05-01T07:20:23.720+03:00  INFO 6297 --- [med-lab-final] [restartedMain] org.hibernate.orm.connections.pooling    : HHH10001005: Database info:
	Database JDBC URL [Connecting through datasource 'HikariDataSource (HikariPool-1)']
	Database driver: undefined/unknown
	Database version: 8.0.40
	Autocommit mode: undefined/unknown
	Isolation level: undefined/unknown
	Minimum pool size: undefined/unknown
	Maximum pool size: undefined/unknown
2025-05-01T07:20:24.172+03:00  INFO 6297 --- [med-lab-final] [restartedMain] o.h.e.t.j.p.i.JtaPlatformInitiator       : HHH000489: No JTA platform available (set 'hibernate.transaction.jta.platform' to enable JTA platform integration)
2025-05-01T07:20:24.206+03:00  INFO 6297 --- [med-lab-final] [restartedMain] j.LocalContainerEntityManagerFactoryBean : Initialized JPA EntityManagerFactory for persistence unit 'default'
2025-05-01T07:20:24.435+03:00  WARN 6297 --- [med-lab-final] [restartedMain] JpaBaseConfiguration$JpaWebConfiguration : spring.jpa.open-in-view is enabled by default. Therefore, database queries may be performed during view rendering. Explicitly configure spring.jpa.open-in-view to disable this warning
2025-05-01T07:20:24.618+03:00  INFO 6297 --- [med-lab-final] [restartedMain] o.s.b.a.h2.H2ConsoleAutoConfiguration    : H2 console available at '/h2-console'. Database available at 'jdbc:mysql://localhost:3306/test_lab'
2025-05-01T07:20:24.655+03:00  INFO 6297 --- [med-lab-final] [restartedMain] o.s.b.d.a.OptionalLiveReloadServer       : LiveReload server is running on port 35729
2025-05-01T07:20:24.671+03:00  INFO 6297 --- [med-lab-final] [restartedMain] o.s.b.w.embedded.tomcat.TomcatWebServer  : Tomcat started on port 8080 (http) with context path '/'
2025-05-01T07:20:24.677+03:00  INFO 6297 --- [med-lab-final] [restartedMain] o.j.medlabfinal.MedLabFinalApplication   : Started MedLabFinalApplication in 2.305 seconds (process running for 2.695)
2025-05-01T07:20:25.913+03:00  INFO 6297 --- [med-lab-final] [http-nio-8080-exec-1] o.a.c.c.C.[Tomcat].[localhost].[/]       : Initializing Spring DispatcherServlet 'dispatcherServlet'
2025-05-01T07:20:25.913+03:00  INFO 6297 --- [med-lab-final] [http-nio-8080-exec-1] o.s.web.servlet.DispatcherServlet        : Initializing Servlet 'dispatcherServlet'
2025-05-01T07:20:25.914+03:00  INFO 6297 --- [med-lab-final] [http-nio-8080-exec-1] o.s.web.servlet.DispatcherServlet        : Completed initialization in 1 ms
2025-05-01T07:21:24.041+03:00  INFO 6297 --- [med-lab-final] [SpringApplicationShutdownHook] o.s.b.w.e.tomcat.GracefulShutdown        : Commencing graceful shutdown. Waiting for active requests to complete
2025-05-01T07:21:24.054+03:00  INFO 6297 --- [med-lab-final] [tomcat-shutdown] o.s.b.w.e.tomcat.GracefulShutdown        : Graceful shutdown complete
2025-05-01T07:21:24.061+03:00  INFO 6297 --- [med-lab-final] [SpringApplicationShutdownHook] j.LocalContainerEntityManagerFactoryBean : Closing JPA EntityManagerFactory for persistence unit 'default'
2025-05-01T07:21:24.066+03:00  INFO 6297 --- [med-lab-final] [SpringApplicationShutdownHook] com.zaxxer.hikari.HikariDataSource       : HikariPool-1 - Shutdown initiated...
2025-05-01T07:21:24.074+03:00  INFO 6297 --- [med-lab-final] [SpringApplicationShutdownHook] com.zaxxer.hikari.HikariDataSource       : HikariPool-1 - Shutdown completed.
2025-05-01T07:21:25.474+03:00  INFO 6358 --- [med-lab-final] [restartedMain] o.j.medlabfinal.MedLabFinalApplication   : Starting MedLabFinalApplication using Java 18.0.2 with PID 6358 (/Volumes/Other/JavaProj/med-lab-final/target/classes started by kravchuk in /Volumes/Other/JavaProj/med-lab-final)
2025-05-01T07:21:25.475+03:00  INFO 6358 --- [med-lab-final] [restartedMain] o.j.medlabfinal.MedLabFinalApplication   : No active profile set, falling back to 1 default profile: "default"
2025-05-01T07:21:25.499+03:00  INFO 6358 --- [med-lab-final] [restartedMain] .e.DevToolsPropertyDefaultsPostProcessor : Devtools property defaults active! Set 'spring.devtools.add-properties' to 'false' to disable
2025-05-01T07:21:25.500+03:00  INFO 6358 --- [med-lab-final] [restartedMain] .e.DevToolsPropertyDefaultsPostProcessor : For additional web related logging consider setting the 'logging.level.web' property to 'DEBUG'
2025-05-01T07:21:25.844+03:00  INFO 6358 --- [med-lab-final] [restartedMain] .s.d.r.c.RepositoryConfigurationDelegate : Bootstrapping Spring Data JPA repositories in DEFAULT mode.
2025-05-01T07:21:25.870+03:00  INFO 6358 --- [med-lab-final] [restartedMain] .s.d.r.c.RepositoryConfigurationDelegate : Finished Spring Data repository scanning in 22 ms. Found 3 JPA repository interfaces.
2025-05-01T07:21:26.157+03:00  INFO 6358 --- [med-lab-final] [restartedMain] o.s.b.w.embedded.tomcat.TomcatWebServer  : Tomcat initialized with port 8080 (http)
2025-05-01T07:21:26.163+03:00  INFO 6358 --- [med-lab-final] [restartedMain] o.apache.catalina.core.StandardService   : Starting service [Tomcat]
2025-05-01T07:21:26.163+03:00  INFO 6358 --- [med-lab-final] [restartedMain] o.apache.catalina.core.StandardEngine    : Starting Servlet engine: [Apache Tomcat/10.1.39]
2025-05-01T07:21:26.177+03:00  INFO 6358 --- [med-lab-final] [restartedMain] o.a.c.c.C.[Tomcat].[localhost].[/]       : Initializing Spring embedded WebApplicationContext
2025-05-01T07:21:26.178+03:00  INFO 6358 --- [med-lab-final] [restartedMain] w.s.c.ServletWebServerApplicationContext : Root WebApplicationContext: initialization completed in 678 ms
2025-05-01T07:21:26.254+03:00  INFO 6358 --- [med-lab-final] [restartedMain] o.hibernate.jpa.internal.util.LogHelper  : HHH000204: Processing PersistenceUnitInfo [name: default]
2025-05-01T07:21:26.282+03:00  INFO 6358 --- [med-lab-final] [restartedMain] org.hibernate.Version                    : HHH000412: Hibernate ORM core version 6.6.11.Final
2025-05-01T07:21:26.294+03:00  INFO 6358 --- [med-lab-final] [restartedMain] o.h.c.internal.RegionFactoryInitiator    : HHH000026: Second-level cache disabled
2025-05-01T07:21:26.415+03:00  INFO 6358 --- [med-lab-final] [restartedMain] o.s.o.j.p.SpringPersistenceUnitInfo      : No LoadTimeWeaver setup: ignoring JPA class transformer
2025-05-01T07:21:26.429+03:00  INFO 6358 --- [med-lab-final] [restartedMain] com.zaxxer.hikari.HikariDataSource       : HikariPool-1 - Starting...
2025-05-01T07:21:26.572+03:00  INFO 6358 --- [med-lab-final] [restartedMain] com.zaxxer.hikari.pool.HikariPool        : HikariPool-1 - Added connection com.mysql.cj.jdbc.ConnectionImpl@5e001057
2025-05-01T07:21:26.573+03:00  INFO 6358 --- [med-lab-final] [restartedMain] com.zaxxer.hikari.HikariDataSource       : HikariPool-1 - Start completed.
2025-05-01T07:21:26.611+03:00  INFO 6358 --- [med-lab-final] [restartedMain] org.hibernate.orm.connections.pooling    : HHH10001005: Database info:
	Database JDBC URL [Connecting through datasource 'HikariDataSource (HikariPool-1)']
	Database driver: undefined/unknown
	Database version: 8.0.40
	Autocommit mode: undefined/unknown
	Isolation level: undefined/unknown
	Minimum pool size: undefined/unknown
	Maximum pool size: undefined/unknown
2025-05-01T07:21:27.008+03:00  INFO 6358 --- [med-lab-final] [restartedMain] o.h.e.t.j.p.i.JtaPlatformInitiator       : HHH000489: No JTA platform available (set 'hibernate.transaction.jta.platform' to enable JTA platform integration)
2025-05-01T07:21:27.046+03:00  INFO 6358 --- [med-lab-final] [restartedMain] j.LocalContainerEntityManagerFactoryBean : Initialized JPA EntityManagerFactory for persistence unit 'default'
2025-05-01T07:21:27.277+03:00  WARN 6358 --- [med-lab-final] [restartedMain] JpaBaseConfiguration$JpaWebConfiguration : spring.jpa.open-in-view is enabled by default. Therefore, database queries may be performed during view rendering. Explicitly configure spring.jpa.open-in-view to disable this warning
2025-05-01T07:21:27.459+03:00  INFO 6358 --- [med-lab-final] [restartedMain] o.s.b.a.h2.H2ConsoleAutoConfiguration    : H2 console available at '/h2-console'. Database available at 'jdbc:mysql://localhost:3306/test_lab'
2025-05-01T07:21:27.495+03:00  INFO 6358 --- [med-lab-final] [restartedMain] o.s.b.d.a.OptionalLiveReloadServer       : LiveReload server is running on port 35729
2025-05-01T07:21:27.511+03:00  INFO 6358 --- [med-lab-final] [restartedMain] o.s.b.w.embedded.tomcat.TomcatWebServer  : Tomcat started on port 8080 (http) with context path '/'
2025-05-01T07:21:27.517+03:00  INFO 6358 --- [med-lab-final] [restartedMain] o.j.medlabfinal.MedLabFinalApplication   : Started MedLabFinalApplication in 2.275 seconds (process running for 2.596)
2025-05-01T07:21:27.552+03:00  INFO 6358 --- [med-lab-final] [http-nio-8080-exec-1] o.a.c.c.C.[Tomcat].[localhost].[/]       : Initializing Spring DispatcherServlet 'dispatcherServlet'
2025-05-01T07:21:27.552+03:00  INFO 6358 --- [med-lab-final] [http-nio-8080-exec-1] o.s.web.servlet.DispatcherServlet        : Initializing Servlet 'dispatcherServlet'
2025-05-01T07:21:27.553+03:00  INFO 6358 --- [med-lab-final] [http-nio-8080-exec-1] o.s.web.servlet.DispatcherServlet        : Completed initialization in 1 ms
2025-05-01T07:21:53.507+03:00  INFO 6358 --- [med-lab-final] [SpringApplicationShutdownHook] o.s.b.w.e.tomcat.GracefulShutdown        : Commencing graceful shutdown. Waiting for active requests to complete
2025-05-01T07:21:53.511+03:00  INFO 6358 --- [med-lab-final] [tomcat-shutdown] o.s.b.w.e.tomcat.GracefulShutdown        : Graceful shutdown complete
2025-05-01T07:21:53.515+03:00  INFO 6358 --- [med-lab-final] [SpringApplicationShutdownHook] j.LocalContainerEntityManagerFactoryBean : Closing JPA EntityManagerFactory for persistence unit 'default'
2025-05-01T07:21:53.524+03:00  INFO 6358 --- [med-lab-final] [SpringApplicationShutdownHook] com.zaxxer.hikari.HikariDataSource       : HikariPool-1 - Shutdown initiated...
2025-05-01T07:21:53.533+03:00  INFO 6358 --- [med-lab-final] [SpringApplicationShutdownHook] com.zaxxer.hikari.HikariDataSource       : HikariPool-1 - Shutdown completed.
2025-05-01T07:21:54.786+03:00  INFO 6406 --- [med-lab-final] [restartedMain] o.j.medlabfinal.MedLabFinalApplication   : Starting MedLabFinalApplication using Java 18.0.2 with PID 6406 (/Volumes/Other/JavaProj/med-lab-final/target/classes started by kravchuk in /Volumes/Other/JavaProj/med-lab-final)
2025-05-01T07:21:54.788+03:00  INFO 6406 --- [med-lab-final] [restartedMain] o.j.medlabfinal.MedLabFinalApplication   : No active profile set, falling back to 1 default profile: "default"
2025-05-01T07:21:54.809+03:00  INFO 6406 --- [med-lab-final] [restartedMain] .e.DevToolsPropertyDefaultsPostProcessor : Devtools property defaults active! Set 'spring.devtools.add-properties' to 'false' to disable
2025-05-01T07:21:54.809+03:00  INFO 6406 --- [med-lab-final] [restartedMain] .e.DevToolsPropertyDefaultsPostProcessor : For additional web related logging consider setting the 'logging.level.web' property to 'DEBUG'
2025-05-01T07:21:55.051+03:00  INFO 6406 --- [med-lab-final] [restartedMain] .s.d.r.c.RepositoryConfigurationDelegate : Bootstrapping Spring Data JPA repositories in DEFAULT mode.
2025-05-01T07:21:55.073+03:00  INFO 6406 --- [med-lab-final] [restartedMain] .s.d.r.c.RepositoryConfigurationDelegate : Finished Spring Data repository scanning in 18 ms. Found 3 JPA repository interfaces.
2025-05-01T07:21:55.329+03:00  INFO 6406 --- [med-lab-final] [restartedMain] o.s.b.w.embedded.tomcat.TomcatWebServer  : Tomcat initialized with port 8080 (http)
2025-05-01T07:21:55.335+03:00  INFO 6406 --- [med-lab-final] [restartedMain] o.apache.catalina.core.StandardService   : Starting service [Tomcat]
2025-05-01T07:21:55.335+03:00  INFO 6406 --- [med-lab-final] [restartedMain] o.apache.catalina.core.StandardEngine    : Starting Servlet engine: [Apache Tomcat/10.1.39]
2025-05-01T07:21:55.348+03:00  INFO 6406 --- [med-lab-final] [restartedMain] o.a.c.c.C.[Tomcat].[localhost].[/]       : Initializing Spring embedded WebApplicationContext
2025-05-01T07:21:55.349+03:00  INFO 6406 --- [med-lab-final] [restartedMain] w.s.c.ServletWebServerApplicationContext : Root WebApplicationContext: initialization completed in 540 ms
2025-05-01T07:21:55.418+03:00  INFO 6406 --- [med-lab-final] [restartedMain] o.hibernate.jpa.internal.util.LogHelper  : HHH000204: Processing PersistenceUnitInfo [name: default]
2025-05-01T07:21:55.439+03:00  INFO 6406 --- [med-lab-final] [restartedMain] org.hibernate.Version                    : HHH000412: Hibernate ORM core version 6.6.11.Final
2025-05-01T07:21:55.452+03:00  INFO 6406 --- [med-lab-final] [restartedMain] o.h.c.internal.RegionFactoryInitiator    : HHH000026: Second-level cache disabled
2025-05-01T07:21:55.554+03:00  INFO 6406 --- [med-lab-final] [restartedMain] o.s.o.j.p.SpringPersistenceUnitInfo      : No LoadTimeWeaver setup: ignoring JPA class transformer
2025-05-01T07:21:55.565+03:00  INFO 6406 --- [med-lab-final] [restartedMain] com.zaxxer.hikari.HikariDataSource       : HikariPool-1 - Starting...
2025-05-01T07:21:55.746+03:00  INFO 6406 --- [med-lab-final] [restartedMain] com.zaxxer.hikari.pool.HikariPool        : HikariPool-1 - Added connection com.mysql.cj.jdbc.ConnectionImpl@62f781dc
2025-05-01T07:21:55.747+03:00  INFO 6406 --- [med-lab-final] [restartedMain] com.zaxxer.hikari.HikariDataSource       : HikariPool-1 - Start completed.
2025-05-01T07:21:55.791+03:00  INFO 6406 --- [med-lab-final] [restartedMain] org.hibernate.orm.connections.pooling    : HHH10001005: Database info:
	Database JDBC URL [Connecting through datasource 'HikariDataSource (HikariPool-1)']
	Database driver: undefined/unknown
	Database version: 8.0.40
	Autocommit mode: undefined/unknown
	Isolation level: undefined/unknown
	Minimum pool size: undefined/unknown
	Maximum pool size: undefined/unknown
2025-05-01T07:21:56.219+03:00  INFO 6406 --- [med-lab-final] [restartedMain] o.h.e.t.j.p.i.JtaPlatformInitiator       : HHH000489: No JTA platform available (set 'hibernate.transaction.jta.platform' to enable JTA platform integration)
2025-05-01T07:21:56.255+03:00  INFO 6406 --- [med-lab-final] [restartedMain] j.LocalContainerEntityManagerFactoryBean : Initialized JPA EntityManagerFactory for persistence unit 'default'
2025-05-01T07:21:56.488+03:00  WARN 6406 --- [med-lab-final] [restartedMain] JpaBaseConfiguration$JpaWebConfiguration : spring.jpa.open-in-view is enabled by default. Therefore, database queries may be performed during view rendering. Explicitly configure spring.jpa.open-in-view to disable this warning
2025-05-01T07:21:56.661+03:00  INFO 6406 --- [med-lab-final] [restartedMain] o.s.b.a.h2.H2ConsoleAutoConfiguration    : H2 console available at '/h2-console'. Database available at 'jdbc:mysql://localhost:3306/test_lab'
2025-05-01T07:21:56.695+03:00  INFO 6406 --- [med-lab-final] [restartedMain] o.s.b.d.a.OptionalLiveReloadServer       : LiveReload server is running on port 35729
2025-05-01T07:21:56.712+03:00  INFO 6406 --- [med-lab-final] [restartedMain] o.s.b.w.embedded.tomcat.TomcatWebServer  : Tomcat started on port 8080 (http) with context path '/'
2025-05-01T07:21:56.718+03:00  INFO 6406 --- [med-lab-final] [restartedMain] o.j.medlabfinal.MedLabFinalApplication   : Started MedLabFinalApplication in 2.091 seconds (process running for 2.37)
2025-05-01T07:21:57.380+03:00  INFO 6406 --- [med-lab-final] [http-nio-8080-exec-1] o.a.c.c.C.[Tomcat].[localhost].[/]       : Initializing Spring DispatcherServlet 'dispatcherServlet'
2025-05-01T07:21:57.380+03:00  INFO 6406 --- [med-lab-final] [http-nio-8080-exec-1] o.s.web.servlet.DispatcherServlet        : Initializing Servlet 'dispatcherServlet'
2025-05-01T07:21:57.381+03:00  INFO 6406 --- [med-lab-final] [http-nio-8080-exec-1] o.s.web.servlet.DispatcherServlet        : Completed initialization in 1 ms
2025-05-01T07:23:47.254+03:00  INFO 6406 --- [med-lab-final] [SpringApplicationShutdownHook] o.s.b.w.e.tomcat.GracefulShutdown        : Commencing graceful shutdown. Waiting for active requests to complete
2025-05-01T07:23:47.263+03:00  INFO 6406 --- [med-lab-final] [tomcat-shutdown] o.s.b.w.e.tomcat.GracefulShutdown        : Graceful shutdown complete
2025-05-01T07:23:47.267+03:00  INFO 6406 --- [med-lab-final] [SpringApplicationShutdownHook] j.LocalContainerEntityManagerFactoryBean : Closing JPA EntityManagerFactory for persistence unit 'default'
2025-05-01T07:23:47.272+03:00  INFO 6406 --- [med-lab-final] [SpringApplicationShutdownHook] com.zaxxer.hikari.HikariDataSource       : HikariPool-1 - Shutdown initiated...
2025-05-01T07:23:47.299+03:00  INFO 6406 --- [med-lab-final] [SpringApplicationShutdownHook] com.zaxxer.hikari.HikariDataSource       : HikariPool-1 - Shutdown completed.
2025-05-01T07:23:48.782+03:00  INFO 6606 --- [med-lab-final] [restartedMain] o.j.medlabfinal.MedLabFinalApplication   : Starting MedLabFinalApplication using Java 18.0.2 with PID 6606 (/Volumes/Other/JavaProj/med-lab-final/target/classes started by kravchuk in /Volumes/Other/JavaProj/med-lab-final)
2025-05-01T07:23:48.784+03:00  INFO 6606 --- [med-lab-final] [restartedMain] o.j.medlabfinal.MedLabFinalApplication   : No active profile set, falling back to 1 default profile: "default"
2025-05-01T07:23:48.814+03:00  INFO 6606 --- [med-lab-final] [restartedMain] .e.DevToolsPropertyDefaultsPostProcessor : Devtools property defaults active! Set 'spring.devtools.add-properties' to 'false' to disable
2025-05-01T07:23:48.814+03:00  INFO 6606 --- [med-lab-final] [restartedMain] .e.DevToolsPropertyDefaultsPostProcessor : For additional web related logging consider setting the 'logging.level.web' property to 'DEBUG'
2025-05-01T07:23:49.171+03:00  INFO 6606 --- [med-lab-final] [restartedMain] .s.d.r.c.RepositoryConfigurationDelegate : Bootstrapping Spring Data JPA repositories in DEFAULT mode.
2025-05-01T07:23:49.198+03:00  INFO 6606 --- [med-lab-final] [restartedMain] .s.d.r.c.RepositoryConfigurationDelegate : Finished Spring Data repository scanning in 23 ms. Found 3 JPA repository interfaces.
2025-05-01T07:23:49.502+03:00  INFO 6606 --- [med-lab-final] [restartedMain] o.s.b.w.embedded.tomcat.TomcatWebServer  : Tomcat initialized with port 8080 (http)
2025-05-01T07:23:49.508+03:00  INFO 6606 --- [med-lab-final] [restartedMain] o.apache.catalina.core.StandardService   : Starting service [Tomcat]
2025-05-01T07:23:49.509+03:00  INFO 6606 --- [med-lab-final] [restartedMain] o.apache.catalina.core.StandardEngine    : Starting Servlet engine: [Apache Tomcat/10.1.39]
2025-05-01T07:23:49.523+03:00  INFO 6606 --- [med-lab-final] [restartedMain] o.a.c.c.C.[Tomcat].[localhost].[/]       : Initializing Spring embedded WebApplicationContext
2025-05-01T07:23:49.523+03:00  INFO 6606 --- [med-lab-final] [restartedMain] w.s.c.ServletWebServerApplicationContext : Root WebApplicationContext: initialization completed in 709 ms
2025-05-01T07:23:49.599+03:00  INFO 6606 --- [med-lab-final] [restartedMain] o.hibernate.jpa.internal.util.LogHelper  : HHH000204: Processing PersistenceUnitInfo [name: default]
2025-05-01T07:23:49.627+03:00  INFO 6606 --- [med-lab-final] [restartedMain] org.hibernate.Version                    : HHH000412: Hibernate ORM core version 6.6.11.Final
2025-05-01T07:23:49.640+03:00  INFO 6606 --- [med-lab-final] [restartedMain] o.h.c.internal.RegionFactoryInitiator    : HHH000026: Second-level cache disabled
2025-05-01T07:23:49.767+03:00  INFO 6606 --- [med-lab-final] [restartedMain] o.s.o.j.p.SpringPersistenceUnitInfo      : No LoadTimeWeaver setup: ignoring JPA class transformer
2025-05-01T07:23:49.782+03:00  INFO 6606 --- [med-lab-final] [restartedMain] com.zaxxer.hikari.HikariDataSource       : HikariPool-1 - Starting...
2025-05-01T07:23:49.979+03:00  INFO 6606 --- [med-lab-final] [restartedMain] com.zaxxer.hikari.pool.HikariPool        : HikariPool-1 - Added connection com.mysql.cj.jdbc.ConnectionImpl@34ea52b4
2025-05-01T07:23:49.980+03:00  INFO 6606 --- [med-lab-final] [restartedMain] com.zaxxer.hikari.HikariDataSource       : HikariPool-1 - Start completed.
2025-05-01T07:23:50.027+03:00  INFO 6606 --- [med-lab-final] [restartedMain] org.hibernate.orm.connections.pooling    : HHH10001005: Database info:
	Database JDBC URL [Connecting through datasource 'HikariDataSource (HikariPool-1)']
	Database driver: undefined/unknown
	Database version: 8.0.40
	Autocommit mode: undefined/unknown
	Isolation level: undefined/unknown
	Minimum pool size: undefined/unknown
	Maximum pool size: undefined/unknown
2025-05-01T07:23:50.402+03:00  INFO 6606 --- [med-lab-final] [restartedMain] o.h.e.t.j.p.i.JtaPlatformInitiator       : HHH000489: No JTA platform available (set 'hibernate.transaction.jta.platform' to enable JTA platform integration)
2025-05-01T07:23:50.445+03:00  INFO 6606 --- [med-lab-final] [restartedMain] j.LocalContainerEntityManagerFactoryBean : Initialized JPA EntityManagerFactory for persistence unit 'default'
2025-05-01T07:23:50.677+03:00  WARN 6606 --- [med-lab-final] [restartedMain] JpaBaseConfiguration$JpaWebConfiguration : spring.jpa.open-in-view is enabled by default. Therefore, database queries may be performed during view rendering. Explicitly configure spring.jpa.open-in-view to disable this warning
2025-05-01T07:23:50.854+03:00  INFO 6606 --- [med-lab-final] [restartedMain] o.s.b.a.h2.H2ConsoleAutoConfiguration    : H2 console available at '/h2-console'. Database available at 'jdbc:mysql://localhost:3306/test_lab'
2025-05-01T07:23:50.888+03:00  INFO 6606 --- [med-lab-final] [restartedMain] o.s.b.d.a.OptionalLiveReloadServer       : LiveReload server is running on port 35729
2025-05-01T07:23:50.904+03:00  INFO 6606 --- [med-lab-final] [restartedMain] o.s.b.w.embedded.tomcat.TomcatWebServer  : Tomcat started on port 8080 (http) with context path '/'
2025-05-01T07:23:50.909+03:00  INFO 6606 --- [med-lab-final] [restartedMain] o.j.medlabfinal.MedLabFinalApplication   : Started MedLabFinalApplication in 2.38 seconds (process running for 2.722)
2025-05-01T07:23:51.747+03:00  INFO 6606 --- [med-lab-final] [http-nio-8080-exec-1] o.a.c.c.C.[Tomcat].[localhost].[/]       : Initializing Spring DispatcherServlet 'dispatcherServlet'
2025-05-01T07:23:51.747+03:00  INFO 6606 --- [med-lab-final] [http-nio-8080-exec-1] o.s.web.servlet.DispatcherServlet        : Initializing Servlet 'dispatcherServlet'
2025-05-01T07:23:51.748+03:00  INFO 6606 --- [med-lab-final] [http-nio-8080-exec-1] o.s.web.servlet.DispatcherServlet        : Completed initialization in 1 ms
2025-05-01T07:24:06.902+03:00  INFO 6606 --- [med-lab-final] [SpringApplicationShutdownHook] o.s.b.w.e.tomcat.GracefulShutdown        : Commencing graceful shutdown. Waiting for active requests to complete
2025-05-01T07:24:06.907+03:00  INFO 6606 --- [med-lab-final] [tomcat-shutdown] o.s.b.w.e.tomcat.GracefulShutdown        : Graceful shutdown complete
2025-05-01T07:24:06.915+03:00  INFO 6606 --- [med-lab-final] [SpringApplicationShutdownHook] j.LocalContainerEntityManagerFactoryBean : Closing JPA EntityManagerFactory for persistence unit 'default'
2025-05-01T07:24:06.923+03:00  INFO 6606 --- [med-lab-final] [SpringApplicationShutdownHook] com.zaxxer.hikari.HikariDataSource       : HikariPool-1 - Shutdown initiated...
2025-05-01T07:24:06.932+03:00  INFO 6606 --- [med-lab-final] [SpringApplicationShutdownHook] com.zaxxer.hikari.HikariDataSource       : HikariPool-1 - Shutdown completed.
2025-05-01T07:24:08.301+03:00  INFO 6631 --- [med-lab-final] [restartedMain] o.j.medlabfinal.MedLabFinalApplication   : Starting MedLabFinalApplication using Java 18.0.2 with PID 6631 (/Volumes/Other/JavaProj/med-lab-final/target/classes started by kravchuk in /Volumes/Other/JavaProj/med-lab-final)
2025-05-01T07:24:08.302+03:00  INFO 6631 --- [med-lab-final] [restartedMain] o.j.medlabfinal.MedLabFinalApplication   : No active profile set, falling back to 1 default profile: "default"
2025-05-01T07:24:08.318+03:00  INFO 6631 --- [med-lab-final] [restartedMain] .e.DevToolsPropertyDefaultsPostProcessor : Devtools property defaults active! Set 'spring.devtools.add-properties' to 'false' to disable
2025-05-01T07:24:08.319+03:00  INFO 6631 --- [med-lab-final] [restartedMain] .e.DevToolsPropertyDefaultsPostProcessor : For additional web related logging consider setting the 'logging.level.web' property to 'DEBUG'
2025-05-01T07:24:08.558+03:00  INFO 6631 --- [med-lab-final] [restartedMain] .s.d.r.c.RepositoryConfigurationDelegate : Bootstrapping Spring Data JPA repositories in DEFAULT mode.
2025-05-01T07:24:08.580+03:00  INFO 6631 --- [med-lab-final] [restartedMain] .s.d.r.c.RepositoryConfigurationDelegate : Finished Spring Data repository scanning in 17 ms. Found 3 JPA repository interfaces.
2025-05-01T07:24:08.829+03:00  INFO 6631 --- [med-lab-final] [restartedMain] o.s.b.w.embedded.tomcat.TomcatWebServer  : Tomcat initialized with port 8080 (http)
2025-05-01T07:24:08.835+03:00  INFO 6631 --- [med-lab-final] [restartedMain] o.apache.catalina.core.StandardService   : Starting service [Tomcat]
2025-05-01T07:24:08.835+03:00  INFO 6631 --- [med-lab-final] [restartedMain] o.apache.catalina.core.StandardEngine    : Starting Servlet engine: [Apache Tomcat/10.1.39]
2025-05-01T07:24:08.849+03:00  INFO 6631 --- [med-lab-final] [restartedMain] o.a.c.c.C.[Tomcat].[localhost].[/]       : Initializing Spring embedded WebApplicationContext
2025-05-01T07:24:08.849+03:00  INFO 6631 --- [med-lab-final] [restartedMain] w.s.c.ServletWebServerApplicationContext : Root WebApplicationContext: initialization completed in 530 ms
2025-05-01T07:24:08.915+03:00  INFO 6631 --- [med-lab-final] [restartedMain] o.hibernate.jpa.internal.util.LogHelper  : HHH000204: Processing PersistenceUnitInfo [name: default]
2025-05-01T07:24:08.935+03:00  INFO 6631 --- [med-lab-final] [restartedMain] org.hibernate.Version                    : HHH000412: Hibernate ORM core version 6.6.11.Final
2025-05-01T07:24:08.946+03:00  INFO 6631 --- [med-lab-final] [restartedMain] o.h.c.internal.RegionFactoryInitiator    : HHH000026: Second-level cache disabled
2025-05-01T07:24:09.049+03:00  INFO 6631 --- [med-lab-final] [restartedMain] o.s.o.j.p.SpringPersistenceUnitInfo      : No LoadTimeWeaver setup: ignoring JPA class transformer
2025-05-01T07:24:09.061+03:00  INFO 6631 --- [med-lab-final] [restartedMain] com.zaxxer.hikari.HikariDataSource       : HikariPool-1 - Starting...
2025-05-01T07:24:09.185+03:00  INFO 6631 --- [med-lab-final] [restartedMain] com.zaxxer.hikari.pool.HikariPool        : HikariPool-1 - Added connection com.mysql.cj.jdbc.ConnectionImpl@5caa49bb
2025-05-01T07:24:09.186+03:00  INFO 6631 --- [med-lab-final] [restartedMain] com.zaxxer.hikari.HikariDataSource       : HikariPool-1 - Start completed.
2025-05-01T07:24:09.223+03:00  INFO 6631 --- [med-lab-final] [restartedMain] org.hibernate.orm.connections.pooling    : HHH10001005: Database info:
	Database JDBC URL [Connecting through datasource 'HikariDataSource (HikariPool-1)']
	Database driver: undefined/unknown
	Database version: 8.0.40
	Autocommit mode: undefined/unknown
	Isolation level: undefined/unknown
	Minimum pool size: undefined/unknown
	Maximum pool size: undefined/unknown
2025-05-01T07:24:09.589+03:00  INFO 6631 --- [med-lab-final] [restartedMain] o.h.e.t.j.p.i.JtaPlatformInitiator       : HHH000489: No JTA platform available (set 'hibernate.transaction.jta.platform' to enable JTA platform integration)
2025-05-01T07:24:09.624+03:00  INFO 6631 --- [med-lab-final] [restartedMain] j.LocalContainerEntityManagerFactoryBean : Initialized JPA EntityManagerFactory for persistence unit 'default'
2025-05-01T07:24:10.005+03:00  WARN 6631 --- [med-lab-final] [restartedMain] JpaBaseConfiguration$JpaWebConfiguration : spring.jpa.open-in-view is enabled by default. Therefore, database queries may be performed during view rendering. Explicitly configure spring.jpa.open-in-view to disable this warning
2025-05-01T07:24:10.221+03:00  INFO 6631 --- [med-lab-final] [restartedMain] o.s.b.a.h2.H2ConsoleAutoConfiguration    : H2 console available at '/h2-console'. Database available at 'jdbc:mysql://localhost:3306/test_lab'
2025-05-01T07:24:10.259+03:00  INFO 6631 --- [med-lab-final] [restartedMain] o.s.b.d.a.OptionalLiveReloadServer       : LiveReload server is running on port 35729
2025-05-01T07:24:10.276+03:00  INFO 6631 --- [med-lab-final] [restartedMain] o.s.b.w.embedded.tomcat.TomcatWebServer  : Tomcat started on port 8080 (http) with context path '/'
2025-05-01T07:24:10.281+03:00  INFO 6631 --- [med-lab-final] [restartedMain] o.j.medlabfinal.MedLabFinalApplication   : Started MedLabFinalApplication in 2.158 seconds (process running for 2.586)
2025-05-01T07:24:11.147+03:00  INFO 6631 --- [med-lab-final] [http-nio-8080-exec-1] o.a.c.c.C.[Tomcat].[localhost].[/]       : Initializing Spring DispatcherServlet 'dispatcherServlet'
2025-05-01T07:24:11.147+03:00  INFO 6631 --- [med-lab-final] [http-nio-8080-exec-1] o.s.web.servlet.DispatcherServlet        : Initializing Servlet 'dispatcherServlet'
2025-05-01T07:24:11.148+03:00  INFO 6631 --- [med-lab-final] [http-nio-8080-exec-1] o.s.web.servlet.DispatcherServlet        : Completed initialization in 1 ms
2025-05-01T07:25:56.959+03:00  INFO 6631 --- [med-lab-final] [SpringApplicationShutdownHook] o.s.b.w.e.tomcat.GracefulShutdown        : Commencing graceful shutdown. Waiting for active requests to complete
2025-05-01T07:25:56.968+03:00  INFO 6631 --- [med-lab-final] [tomcat-shutdown] o.s.b.w.e.tomcat.GracefulShutdown        : Graceful shutdown complete
2025-05-01T07:25:56.974+03:00  INFO 6631 --- [med-lab-final] [SpringApplicationShutdownHook] j.LocalContainerEntityManagerFactoryBean : Closing JPA EntityManagerFactory for persistence unit 'default'
2025-05-01T07:25:56.983+03:00  INFO 6631 --- [med-lab-final] [SpringApplicationShutdownHook] com.zaxxer.hikari.HikariDataSource       : HikariPool-1 - Shutdown initiated...
2025-05-01T07:25:57.005+03:00  INFO 6631 --- [med-lab-final] [SpringApplicationShutdownHook] com.zaxxer.hikari.HikariDataSource       : HikariPool-1 - Shutdown completed.
2025-05-01T07:25:58.486+03:00  INFO 6756 --- [med-lab-final] [restartedMain] o.j.medlabfinal.MedLabFinalApplication   : Starting MedLabFinalApplication using Java 18.0.2 with PID 6756 (/Volumes/Other/JavaProj/med-lab-final/target/classes started by kravchuk in /Volumes/Other/JavaProj/med-lab-final)
2025-05-01T07:25:58.487+03:00  INFO 6756 --- [med-lab-final] [restartedMain] o.j.medlabfinal.MedLabFinalApplication   : No active profile set, falling back to 1 default profile: "default"
2025-05-01T07:25:58.506+03:00  INFO 6756 --- [med-lab-final] [restartedMain] .e.DevToolsPropertyDefaultsPostProcessor : Devtools property defaults active! Set 'spring.devtools.add-properties' to 'false' to disable
2025-05-01T07:25:58.506+03:00  INFO 6756 --- [med-lab-final] [restartedMain] .e.DevToolsPropertyDefaultsPostProcessor : For additional web related logging consider setting the 'logging.level.web' property to 'DEBUG'
2025-05-01T07:25:58.811+03:00  INFO 6756 --- [med-lab-final] [restartedMain] .s.d.r.c.RepositoryConfigurationDelegate : Bootstrapping Spring Data JPA repositories in DEFAULT mode.
2025-05-01T07:25:58.833+03:00  INFO 6756 --- [med-lab-final] [restartedMain] .s.d.r.c.RepositoryConfigurationDelegate : Finished Spring Data repository scanning in 19 ms. Found 3 JPA repository interfaces.
2025-05-01T07:25:59.108+03:00  INFO 6756 --- [med-lab-final] [restartedMain] o.s.b.w.embedded.tomcat.TomcatWebServer  : Tomcat initialized with port 8080 (http)
2025-05-01T07:25:59.114+03:00  INFO 6756 --- [med-lab-final] [restartedMain] o.apache.catalina.core.StandardService   : Starting service [Tomcat]
2025-05-01T07:25:59.114+03:00  INFO 6756 --- [med-lab-final] [restartedMain] o.apache.catalina.core.StandardEngine    : Starting Servlet engine: [Apache Tomcat/10.1.39]
2025-05-01T07:25:59.128+03:00  INFO 6756 --- [med-lab-final] [restartedMain] o.a.c.c.C.[Tomcat].[localhost].[/]       : Initializing Spring embedded WebApplicationContext
2025-05-01T07:25:59.128+03:00  INFO 6756 --- [med-lab-final] [restartedMain] w.s.c.ServletWebServerApplicationContext : Root WebApplicationContext: initialization completed in 622 ms
2025-05-01T07:25:59.205+03:00  INFO 6756 --- [med-lab-final] [restartedMain] o.hibernate.jpa.internal.util.LogHelper  : HHH000204: Processing PersistenceUnitInfo [name: default]
2025-05-01T07:25:59.232+03:00  INFO 6756 --- [med-lab-final] [restartedMain] org.hibernate.Version                    : HHH000412: Hibernate ORM core version 6.6.11.Final
2025-05-01T07:25:59.245+03:00  INFO 6756 --- [med-lab-final] [restartedMain] o.h.c.internal.RegionFactoryInitiator    : HHH000026: Second-level cache disabled
2025-05-01T07:25:59.367+03:00  INFO 6756 --- [med-lab-final] [restartedMain] o.s.o.j.p.SpringPersistenceUnitInfo      : No LoadTimeWeaver setup: ignoring JPA class transformer
2025-05-01T07:25:59.380+03:00  INFO 6756 --- [med-lab-final] [restartedMain] com.zaxxer.hikari.HikariDataSource       : HikariPool-1 - Starting...
2025-05-01T07:25:59.564+03:00  INFO 6756 --- [med-lab-final] [restartedMain] com.zaxxer.hikari.pool.HikariPool        : HikariPool-1 - Added connection com.mysql.cj.jdbc.ConnectionImpl@4b4c25a4
2025-05-01T07:25:59.565+03:00  INFO 6756 --- [med-lab-final] [restartedMain] com.zaxxer.hikari.HikariDataSource       : HikariPool-1 - Start completed.
2025-05-01T07:25:59.613+03:00  INFO 6756 --- [med-lab-final] [restartedMain] org.hibernate.orm.connections.pooling    : HHH10001005: Database info:
	Database JDBC URL [Connecting through datasource 'HikariDataSource (HikariPool-1)']
	Database driver: undefined/unknown
	Database version: 8.0.40
	Autocommit mode: undefined/unknown
	Isolation level: undefined/unknown
	Minimum pool size: undefined/unknown
	Maximum pool size: undefined/unknown
2025-05-01T07:25:59.978+03:00  INFO 6756 --- [med-lab-final] [restartedMain] o.h.e.t.j.p.i.JtaPlatformInitiator       : HHH000489: No JTA platform available (set 'hibernate.transaction.jta.platform' to enable JTA platform integration)
2025-05-01T07:26:00.028+03:00  INFO 6756 --- [med-lab-final] [restartedMain] j.LocalContainerEntityManagerFactoryBean : Initialized JPA EntityManagerFactory for persistence unit 'default'
2025-05-01T07:26:00.404+03:00  WARN 6756 --- [med-lab-final] [restartedMain] JpaBaseConfiguration$JpaWebConfiguration : spring.jpa.open-in-view is enabled by default. Therefore, database queries may be performed during view rendering. Explicitly configure spring.jpa.open-in-view to disable this warning
2025-05-01T07:26:00.631+03:00  INFO 6756 --- [med-lab-final] [restartedMain] o.s.b.a.h2.H2ConsoleAutoConfiguration    : H2 console available at '/h2-console'. Database available at 'jdbc:mysql://localhost:3306/test_lab'
2025-05-01T07:26:00.674+03:00  INFO 6756 --- [med-lab-final] [restartedMain] o.s.b.d.a.OptionalLiveReloadServer       : LiveReload server is running on port 35729
2025-05-01T07:26:00.692+03:00  INFO 6756 --- [med-lab-final] [restartedMain] o.s.b.w.embedded.tomcat.TomcatWebServer  : Tomcat started on port 8080 (http) with context path '/'
2025-05-01T07:26:00.697+03:00  INFO 6756 --- [med-lab-final] [restartedMain] o.j.medlabfinal.MedLabFinalApplication   : Started MedLabFinalApplication in 2.396 seconds (process running for 2.853)
2025-05-01T07:26:02.544+03:00  INFO 6756 --- [med-lab-final] [http-nio-8080-exec-1] o.a.c.c.C.[Tomcat].[localhost].[/]       : Initializing Spring DispatcherServlet 'dispatcherServlet'
2025-05-01T07:26:02.544+03:00  INFO 6756 --- [med-lab-final] [http-nio-8080-exec-1] o.s.web.servlet.DispatcherServlet        : Initializing Servlet 'dispatcherServlet'
2025-05-01T07:26:02.545+03:00  INFO 6756 --- [med-lab-final] [http-nio-8080-exec-1] o.s.web.servlet.DispatcherServlet        : Completed initialization in 1 ms
2025-05-01T07:26:20.226+03:00  INFO 6756 --- [med-lab-final] [http-nio-8080-exec-3] o.j.medlabfinal.aspect.LoggingAspect     : Виклик методу: findAll
2025-05-01T07:27:21.963+03:00  INFO 6756 --- [med-lab-final] [SpringApplicationShutdownHook] o.s.b.w.e.tomcat.GracefulShutdown        : Commencing graceful shutdown. Waiting for active requests to complete
2025-05-01T07:27:21.968+03:00  INFO 6756 --- [med-lab-final] [tomcat-shutdown] o.s.b.w.e.tomcat.GracefulShutdown        : Graceful shutdown complete
2025-05-01T07:27:21.977+03:00  INFO 6756 --- [med-lab-final] [SpringApplicationShutdownHook] j.LocalContainerEntityManagerFactoryBean : Closing JPA EntityManagerFactory for persistence unit 'default'
2025-05-01T07:27:21.982+03:00  INFO 6756 --- [med-lab-final] [SpringApplicationShutdownHook] com.zaxxer.hikari.HikariDataSource       : HikariPool-1 - Shutdown initiated...
2025-05-01T07:27:21.991+03:00  INFO 6756 --- [med-lab-final] [SpringApplicationShutdownHook] com.zaxxer.hikari.HikariDataSource       : HikariPool-1 - Shutdown completed.
2025-05-01T07:27:23.330+03:00  INFO 6784 --- [med-lab-final] [restartedMain] o.j.medlabfinal.MedLabFinalApplication   : Starting MedLabFinalApplication using Java 18.0.2 with PID 6784 (/Volumes/Other/JavaProj/med-lab-final/target/classes started by kravchuk in /Volumes/Other/JavaProj/med-lab-final)
2025-05-01T07:27:23.331+03:00  INFO 6784 --- [med-lab-final] [restartedMain] o.j.medlabfinal.MedLabFinalApplication   : No active profile set, falling back to 1 default profile: "default"
2025-05-01T07:27:23.353+03:00  INFO 6784 --- [med-lab-final] [restartedMain] .e.DevToolsPropertyDefaultsPostProcessor : Devtools property defaults active! Set 'spring.devtools.add-properties' to 'false' to disable
2025-05-01T07:27:23.354+03:00  INFO 6784 --- [med-lab-final] [restartedMain] .e.DevToolsPropertyDefaultsPostProcessor : For additional web related logging consider setting the 'logging.level.web' property to 'DEBUG'
2025-05-01T07:27:23.693+03:00  INFO 6784 --- [med-lab-final] [restartedMain] .s.d.r.c.RepositoryConfigurationDelegate : Bootstrapping Spring Data JPA repositories in DEFAULT mode.
2025-05-01T07:27:23.716+03:00  INFO 6784 --- [med-lab-final] [restartedMain] .s.d.r.c.RepositoryConfigurationDelegate : Finished Spring Data repository scanning in 19 ms. Found 3 JPA repository interfaces.
2025-05-01T07:27:24.018+03:00  INFO 6784 --- [med-lab-final] [restartedMain] o.s.b.w.embedded.tomcat.TomcatWebServer  : Tomcat initialized with port 8080 (http)
2025-05-01T07:27:24.025+03:00  INFO 6784 --- [med-lab-final] [restartedMain] o.apache.catalina.core.StandardService   : Starting service [Tomcat]
2025-05-01T07:27:24.025+03:00  INFO 6784 --- [med-lab-final] [restartedMain] o.apache.catalina.core.StandardEngine    : Starting Servlet engine: [Apache Tomcat/10.1.39]
2025-05-01T07:27:24.040+03:00  INFO 6784 --- [med-lab-final] [restartedMain] o.a.c.c.C.[Tomcat].[localhost].[/]       : Initializing Spring embedded WebApplicationContext
2025-05-01T07:27:24.041+03:00  INFO 6784 --- [med-lab-final] [restartedMain] w.s.c.ServletWebServerApplicationContext : Root WebApplicationContext: initialization completed in 687 ms
2025-05-01T07:27:24.116+03:00  INFO 6784 --- [med-lab-final] [restartedMain] o.hibernate.jpa.internal.util.LogHelper  : HHH000204: Processing PersistenceUnitInfo [name: default]
2025-05-01T07:27:24.136+03:00  INFO 6784 --- [med-lab-final] [restartedMain] org.hibernate.Version                    : HHH000412: Hibernate ORM core version 6.6.11.Final
2025-05-01T07:27:24.148+03:00  INFO 6784 --- [med-lab-final] [restartedMain] o.h.c.internal.RegionFactoryInitiator    : HHH000026: Second-level cache disabled
2025-05-01T07:27:24.248+03:00  INFO 6784 --- [med-lab-final] [restartedMain] o.s.o.j.p.SpringPersistenceUnitInfo      : No LoadTimeWeaver setup: ignoring JPA class transformer
2025-05-01T07:27:24.259+03:00  INFO 6784 --- [med-lab-final] [restartedMain] com.zaxxer.hikari.HikariDataSource       : HikariPool-1 - Starting...
2025-05-01T07:27:24.379+03:00  INFO 6784 --- [med-lab-final] [restartedMain] com.zaxxer.hikari.pool.HikariPool        : HikariPool-1 - Added connection com.mysql.cj.jdbc.ConnectionImpl@39908be4
2025-05-01T07:27:24.380+03:00  INFO 6784 --- [med-lab-final] [restartedMain] com.zaxxer.hikari.HikariDataSource       : HikariPool-1 - Start completed.
2025-05-01T07:27:24.414+03:00  INFO 6784 --- [med-lab-final] [restartedMain] org.hibernate.orm.connections.pooling    : HHH10001005: Database info:
	Database JDBC URL [Connecting through datasource 'HikariDataSource (HikariPool-1)']
	Database driver: undefined/unknown
	Database version: 8.0.40
	Autocommit mode: undefined/unknown
	Isolation level: undefined/unknown
	Minimum pool size: undefined/unknown
	Maximum pool size: undefined/unknown
2025-05-01T07:27:24.770+03:00  INFO 6784 --- [med-lab-final] [restartedMain] o.h.e.t.j.p.i.JtaPlatformInitiator       : HHH000489: No JTA platform available (set 'hibernate.transaction.jta.platform' to enable JTA platform integration)
2025-05-01T07:27:24.807+03:00  INFO 6784 --- [med-lab-final] [restartedMain] j.LocalContainerEntityManagerFactoryBean : Initialized JPA EntityManagerFactory for persistence unit 'default'
2025-05-01T07:27:25.050+03:00  WARN 6784 --- [med-lab-final] [restartedMain] JpaBaseConfiguration$JpaWebConfiguration : spring.jpa.open-in-view is enabled by default. Therefore, database queries may be performed during view rendering. Explicitly configure spring.jpa.open-in-view to disable this warning
2025-05-01T07:27:25.229+03:00  INFO 6784 --- [med-lab-final] [restartedMain] o.s.b.a.h2.H2ConsoleAutoConfiguration    : H2 console available at '/h2-console'. Database available at 'jdbc:mysql://localhost:3306/test_lab'
2025-05-01T07:27:25.259+03:00  INFO 6784 --- [med-lab-final] [restartedMain] o.s.b.d.a.OptionalLiveReloadServer       : LiveReload server is running on port 35729
2025-05-01T07:27:25.275+03:00  INFO 6784 --- [med-lab-final] [restartedMain] o.s.b.w.embedded.tomcat.TomcatWebServer  : Tomcat started on port 8080 (http) with context path '/'
2025-05-01T07:27:25.280+03:00  INFO 6784 --- [med-lab-final] [restartedMain] o.j.medlabfinal.MedLabFinalApplication   : Started MedLabFinalApplication in 2.106 seconds (process running for 2.441)
2025-05-01T07:27:25.784+03:00  INFO 6784 --- [med-lab-final] [http-nio-8080-exec-1] o.a.c.c.C.[Tomcat].[localhost].[/]       : Initializing Spring DispatcherServlet 'dispatcherServlet'
2025-05-01T07:27:25.784+03:00  INFO 6784 --- [med-lab-final] [http-nio-8080-exec-1] o.s.web.servlet.DispatcherServlet        : Initializing Servlet 'dispatcherServlet'
2025-05-01T07:27:25.785+03:00  INFO 6784 --- [med-lab-final] [http-nio-8080-exec-1] o.s.web.servlet.DispatcherServlet        : Completed initialization in 1 ms
2025-05-01T07:46:45.060+03:00  WARN 6784 --- [med-lab-final] [HikariPool-1 housekeeper] com.zaxxer.hikari.pool.HikariPool        : HikariPool-1 - Thread starvation or clock leap detected (housekeeper delta=6m50s443ms).
2025-05-01T07:52:19.368+03:00  WARN 6784 --- [med-lab-final] [HikariPool-1 housekeeper] com.zaxxer.hikari.pool.HikariPool        : HikariPool-1 - Thread starvation or clock leap detected (housekeeper delta=5m4s291ms).
2025-05-01T08:50:19.587+03:00  INFO 6784 --- [med-lab-final] [SpringApplicationShutdownHook] o.s.b.w.e.tomcat.GracefulShutdown        : Commencing graceful shutdown. Waiting for active requests to complete
2025-05-01T08:50:19.599+03:00  INFO 6784 --- [med-lab-final] [tomcat-shutdown] o.s.b.w.e.tomcat.GracefulShutdown        : Graceful shutdown complete
2025-05-01T08:50:19.608+03:00  INFO 6784 --- [med-lab-final] [SpringApplicationShutdownHook] j.LocalContainerEntityManagerFactoryBean : Closing JPA EntityManagerFactory for persistence unit 'default'
2025-05-01T08:50:19.614+03:00  INFO 6784 --- [med-lab-final] [SpringApplicationShutdownHook] com.zaxxer.hikari.HikariDataSource       : HikariPool-1 - Shutdown initiated...
2025-05-01T08:50:19.648+03:00  INFO 6784 --- [med-lab-final] [SpringApplicationShutdownHook] com.zaxxer.hikari.HikariDataSource       : HikariPool-1 - Shutdown completed.
2025-05-01T08:50:21.983+03:00  INFO 8233 --- [med-lab-final] [restartedMain] o.j.medlabfinal.MedLabFinalApplication   : Starting MedLabFinalApplication using Java 18.0.2 with PID 8233 (/Volumes/Other/JavaProj/med-lab-final/target/classes started by kravchuk in /Volumes/Other/JavaProj/med-lab-final)
2025-05-01T08:50:21.984+03:00  INFO 8233 --- [med-lab-final] [restartedMain] o.j.medlabfinal.MedLabFinalApplication   : No active profile set, falling back to 1 default profile: "default"
2025-05-01T08:50:22.014+03:00  INFO 8233 --- [med-lab-final] [restartedMain] .e.DevToolsPropertyDefaultsPostProcessor : Devtools property defaults active! Set 'spring.devtools.add-properties' to 'false' to disable
2025-05-01T08:50:22.014+03:00  INFO 8233 --- [med-lab-final] [restartedMain] .e.DevToolsPropertyDefaultsPostProcessor : For additional web related logging consider setting the 'logging.level.web' property to 'DEBUG'
2025-05-01T08:50:22.294+03:00  INFO 8233 --- [med-lab-final] [restartedMain] .s.d.r.c.RepositoryConfigurationDelegate : Bootstrapping Spring Data JPA repositories in DEFAULT mode.
2025-05-01T08:50:22.315+03:00  INFO 8233 --- [med-lab-final] [restartedMain] .s.d.r.c.RepositoryConfigurationDelegate : Finished Spring Data repository scanning in 17 ms. Found 3 JPA repository interfaces.
2025-05-01T08:50:22.663+03:00  INFO 8233 --- [med-lab-final] [restartedMain] o.s.b.w.embedded.tomcat.TomcatWebServer  : Tomcat initialized with port 8080 (http)
2025-05-01T08:50:22.670+03:00  INFO 8233 --- [med-lab-final] [restartedMain] o.apache.catalina.core.StandardService   : Starting service [Tomcat]
2025-05-01T08:50:22.671+03:00  INFO 8233 --- [med-lab-final] [restartedMain] o.apache.catalina.core.StandardEngine    : Starting Servlet engine: [Apache Tomcat/10.1.39]
2025-05-01T08:50:22.689+03:00  INFO 8233 --- [med-lab-final] [restartedMain] o.a.c.c.C.[Tomcat].[localhost].[/]       : Initializing Spring embedded WebApplicationContext
2025-05-01T08:50:22.690+03:00  INFO 8233 --- [med-lab-final] [restartedMain] w.s.c.ServletWebServerApplicationContext : Root WebApplicationContext: initialization completed in 675 ms
2025-05-01T08:50:22.790+03:00  INFO 8233 --- [med-lab-final] [restartedMain] o.hibernate.jpa.internal.util.LogHelper  : HHH000204: Processing PersistenceUnitInfo [name: default]
2025-05-01T08:50:22.825+03:00  INFO 8233 --- [med-lab-final] [restartedMain] org.hibernate.Version                    : HHH000412: Hibernate ORM core version 6.6.11.Final
2025-05-01T08:50:22.841+03:00  INFO 8233 --- [med-lab-final] [restartedMain] o.h.c.internal.RegionFactoryInitiator    : HHH000026: Second-level cache disabled
2025-05-01T08:50:22.991+03:00  INFO 8233 --- [med-lab-final] [restartedMain] o.s.o.j.p.SpringPersistenceUnitInfo      : No LoadTimeWeaver setup: ignoring JPA class transformer
2025-05-01T08:50:23.004+03:00  INFO 8233 --- [med-lab-final] [restartedMain] com.zaxxer.hikari.HikariDataSource       : HikariPool-1 - Starting...
2025-05-01T08:50:23.198+03:00  INFO 8233 --- [med-lab-final] [restartedMain] com.zaxxer.hikari.pool.HikariPool        : HikariPool-1 - Added connection com.mysql.cj.jdbc.ConnectionImpl@daa2612
2025-05-01T08:50:23.199+03:00  INFO 8233 --- [med-lab-final] [restartedMain] com.zaxxer.hikari.HikariDataSource       : HikariPool-1 - Start completed.
2025-05-01T08:50:23.243+03:00  INFO 8233 --- [med-lab-final] [restartedMain] org.hibernate.orm.connections.pooling    : HHH10001005: Database info:
	Database JDBC URL [Connecting through datasource 'HikariDataSource (HikariPool-1)']
	Database driver: undefined/unknown
	Database version: 8.0.40
	Autocommit mode: undefined/unknown
	Isolation level: undefined/unknown
	Minimum pool size: undefined/unknown
	Maximum pool size: undefined/unknown
2025-05-01T08:50:23.602+03:00  INFO 8233 --- [med-lab-final] [restartedMain] o.h.e.t.j.p.i.JtaPlatformInitiator       : HHH000489: No JTA platform available (set 'hibernate.transaction.jta.platform' to enable JTA platform integration)
2025-05-01T08:50:23.646+03:00  INFO 8233 --- [med-lab-final] [restartedMain] j.LocalContainerEntityManagerFactoryBean : Initialized JPA EntityManagerFactory for persistence unit 'default'
2025-05-01T08:50:23.886+03:00  WARN 8233 --- [med-lab-final] [restartedMain] JpaBaseConfiguration$JpaWebConfiguration : spring.jpa.open-in-view is enabled by default. Therefore, database queries may be performed during view rendering. Explicitly configure spring.jpa.open-in-view to disable this warning
2025-05-01T08:50:24.063+03:00  INFO 8233 --- [med-lab-final] [restartedMain] o.s.b.a.h2.H2ConsoleAutoConfiguration    : H2 console available at '/h2-console'. Database available at 'jdbc:mysql://localhost:3306/test_lab'
2025-05-01T08:50:24.094+03:00  INFO 8233 --- [med-lab-final] [restartedMain] o.s.b.d.a.OptionalLiveReloadServer       : LiveReload server is running on port 35729
2025-05-01T08:50:24.110+03:00  INFO 8233 --- [med-lab-final] [restartedMain] o.s.b.w.embedded.tomcat.TomcatWebServer  : Tomcat started on port 8080 (http) with context path '/'
2025-05-01T08:50:24.115+03:00  INFO 8233 --- [med-lab-final] [restartedMain] o.j.medlabfinal.MedLabFinalApplication   : Started MedLabFinalApplication in 2.299 seconds (process running for 2.595)
2025-05-01T08:50:25.836+03:00  INFO 8233 --- [med-lab-final] [http-nio-8080-exec-1] o.a.c.c.C.[Tomcat].[localhost].[/]       : Initializing Spring DispatcherServlet 'dispatcherServlet'
2025-05-01T08:50:25.836+03:00  INFO 8233 --- [med-lab-final] [http-nio-8080-exec-1] o.s.web.servlet.DispatcherServlet        : Initializing Servlet 'dispatcherServlet'
2025-05-01T08:50:25.837+03:00  INFO 8233 --- [med-lab-final] [http-nio-8080-exec-1] o.s.web.servlet.DispatcherServlet        : Completed initialization in 1 ms
2025-05-01T08:50:39.660+03:00  INFO 8233 --- [med-lab-final] [http-nio-8080-exec-3] o.j.medlabfinal.aspect.LoggingAspect     : Виклик методу: findAll
2025-05-01T08:55:35.310+03:00  INFO 8233 --- [med-lab-final] [SpringApplicationShutdownHook] o.s.b.w.e.tomcat.GracefulShutdown        : Commencing graceful shutdown. Waiting for active requests to complete
2025-05-01T08:55:35.315+03:00  INFO 8233 --- [med-lab-final] [tomcat-shutdown] o.s.b.w.e.tomcat.GracefulShutdown        : Graceful shutdown complete
2025-05-01T08:55:35.318+03:00  INFO 8233 --- [med-lab-final] [SpringApplicationShutdownHook] j.LocalContainerEntityManagerFactoryBean : Closing JPA EntityManagerFactory for persistence unit 'default'
2025-05-01T08:55:35.325+03:00  INFO 8233 --- [med-lab-final] [SpringApplicationShutdownHook] com.zaxxer.hikari.HikariDataSource       : HikariPool-1 - Shutdown initiated...
2025-05-01T08:55:35.333+03:00  INFO 8233 --- [med-lab-final] [SpringApplicationShutdownHook] com.zaxxer.hikari.HikariDataSource       : HikariPool-1 - Shutdown completed.
2025-05-01T08:57:18.840+03:00  INFO 8447 --- [med-lab-final] [restartedMain] o.j.medlabfinal.MedLabFinalApplication   : Starting MedLabFinalApplication using Java 18.0.2 with PID 8447 (/Volumes/Other/JavaProj/med-lab-final/target/classes started by kravchuk in /Volumes/Other/JavaProj/med-lab-final)
2025-05-01T08:57:18.841+03:00  INFO 8447 --- [med-lab-final] [restartedMain] o.j.medlabfinal.MedLabFinalApplication   : No active profile set, falling back to 1 default profile: "default"
2025-05-01T08:57:18.860+03:00  INFO 8447 --- [med-lab-final] [restartedMain] .e.DevToolsPropertyDefaultsPostProcessor : Devtools property defaults active! Set 'spring.devtools.add-properties' to 'false' to disable
2025-05-01T08:57:18.861+03:00  INFO 8447 --- [med-lab-final] [restartedMain] .e.DevToolsPropertyDefaultsPostProcessor : For additional web related logging consider setting the 'logging.level.web' property to 'DEBUG'
2025-05-01T08:57:19.147+03:00  INFO 8447 --- [med-lab-final] [restartedMain] .s.d.r.c.RepositoryConfigurationDelegate : Bootstrapping Spring Data JPA repositories in DEFAULT mode.
2025-05-01T08:57:19.169+03:00  INFO 8447 --- [med-lab-final] [restartedMain] .s.d.r.c.RepositoryConfigurationDelegate : Finished Spring Data repository scanning in 19 ms. Found 3 JPA repository interfaces.
2025-05-01T08:57:19.446+03:00  INFO 8447 --- [med-lab-final] [restartedMain] o.s.b.w.embedded.tomcat.TomcatWebServer  : Tomcat initialized with port 8080 (http)
2025-05-01T08:57:19.453+03:00  INFO 8447 --- [med-lab-final] [restartedMain] o.apache.catalina.core.StandardService   : Starting service [Tomcat]
2025-05-01T08:57:19.453+03:00  INFO 8447 --- [med-lab-final] [restartedMain] o.apache.catalina.core.StandardEngine    : Starting Servlet engine: [Apache Tomcat/10.1.39]
2025-05-01T08:57:19.468+03:00  INFO 8447 --- [med-lab-final] [restartedMain] o.a.c.c.C.[Tomcat].[localhost].[/]       : Initializing Spring embedded WebApplicationContext
2025-05-01T08:57:19.468+03:00  INFO 8447 --- [med-lab-final] [restartedMain] w.s.c.ServletWebServerApplicationContext : Root WebApplicationContext: initialization completed in 607 ms
2025-05-01T08:57:19.549+03:00  INFO 8447 --- [med-lab-final] [restartedMain] o.hibernate.jpa.internal.util.LogHelper  : HHH000204: Processing PersistenceUnitInfo [name: default]
2025-05-01T08:57:19.578+03:00  INFO 8447 --- [med-lab-final] [restartedMain] org.hibernate.Version                    : HHH000412: Hibernate ORM core version 6.6.11.Final
2025-05-01T08:57:19.592+03:00  INFO 8447 --- [med-lab-final] [restartedMain] o.h.c.internal.RegionFactoryInitiator    : HHH000026: Second-level cache disabled
2025-05-01T08:57:19.740+03:00  INFO 8447 --- [med-lab-final] [restartedMain] o.s.o.j.p.SpringPersistenceUnitInfo      : No LoadTimeWeaver setup: ignoring JPA class transformer
2025-05-01T08:57:19.758+03:00  INFO 8447 --- [med-lab-final] [restartedMain] com.zaxxer.hikari.HikariDataSource       : HikariPool-1 - Starting...
2025-05-01T08:57:20.001+03:00  INFO 8447 --- [med-lab-final] [restartedMain] com.zaxxer.hikari.pool.HikariPool        : HikariPool-1 - Added connection com.mysql.cj.jdbc.ConnectionImpl@532177ef
2025-05-01T08:57:20.002+03:00  INFO 8447 --- [med-lab-final] [restartedMain] com.zaxxer.hikari.HikariDataSource       : HikariPool-1 - Start completed.
2025-05-01T08:57:20.053+03:00  INFO 8447 --- [med-lab-final] [restartedMain] org.hibernate.orm.connections.pooling    : HHH10001005: Database info:
	Database JDBC URL [Connecting through datasource 'HikariDataSource (HikariPool-1)']
	Database driver: undefined/unknown
	Database version: 8.0.40
	Autocommit mode: undefined/unknown
	Isolation level: undefined/unknown
	Minimum pool size: undefined/unknown
	Maximum pool size: undefined/unknown
2025-05-01T08:57:20.438+03:00  INFO 8447 --- [med-lab-final] [restartedMain] o.h.e.t.j.p.i.JtaPlatformInitiator       : HHH000489: No JTA platform available (set 'hibernate.transaction.jta.platform' to enable JTA platform integration)
2025-05-01T08:57:20.481+03:00  INFO 8447 --- [med-lab-final] [restartedMain] j.LocalContainerEntityManagerFactoryBean : Initialized JPA EntityManagerFactory for persistence unit 'default'
2025-05-01T08:57:20.719+03:00  WARN 8447 --- [med-lab-final] [restartedMain] JpaBaseConfiguration$JpaWebConfiguration : spring.jpa.open-in-view is enabled by default. Therefore, database queries may be performed during view rendering. Explicitly configure spring.jpa.open-in-view to disable this warning
2025-05-01T08:57:20.916+03:00  INFO 8447 --- [med-lab-final] [restartedMain] o.s.b.a.h2.H2ConsoleAutoConfiguration    : H2 console available at '/h2-console'. Database available at 'jdbc:mysql://localhost:3306/test_lab'
2025-05-01T08:57:20.955+03:00  INFO 8447 --- [med-lab-final] [restartedMain] o.s.b.d.a.OptionalLiveReloadServer       : LiveReload server is running on port 35729
2025-05-01T08:57:20.972+03:00  INFO 8447 --- [med-lab-final] [restartedMain] o.s.b.w.embedded.tomcat.TomcatWebServer  : Tomcat started on port 8080 (http) with context path '/'
2025-05-01T08:57:20.977+03:00  INFO 8447 --- [med-lab-final] [restartedMain] o.j.medlabfinal.MedLabFinalApplication   : Started MedLabFinalApplication in 2.357 seconds (process running for 2.726)
2025-05-01T08:59:30.285+03:00  INFO 8447 --- [med-lab-final] [SpringApplicationShutdownHook] o.s.b.w.e.tomcat.GracefulShutdown        : Commencing graceful shutdown. Waiting for active requests to complete
2025-05-01T08:59:30.293+03:00  INFO 8447 --- [med-lab-final] [tomcat-shutdown] o.s.b.w.e.tomcat.GracefulShutdown        : Graceful shutdown complete
2025-05-01T08:59:30.296+03:00  INFO 8447 --- [med-lab-final] [SpringApplicationShutdownHook] j.LocalContainerEntityManagerFactoryBean : Closing JPA EntityManagerFactory for persistence unit 'default'
2025-05-01T08:59:30.300+03:00  INFO 8447 --- [med-lab-final] [SpringApplicationShutdownHook] com.zaxxer.hikari.HikariDataSource       : HikariPool-1 - Shutdown initiated...
2025-05-01T08:59:30.304+03:00  INFO 8447 --- [med-lab-final] [SpringApplicationShutdownHook] com.zaxxer.hikari.HikariDataSource       : HikariPool-1 - Shutdown completed.
2025-05-01T08:59:33.544+03:00  INFO 8488 --- [med-lab-final] [restartedMain] o.j.medlabfinal.MedLabFinalApplication   : Starting MedLabFinalApplication using Java 18.0.2 with PID 8488 (/Volumes/Other/JavaProj/med-lab-final/target/classes started by kravchuk in /Volumes/Other/JavaProj/med-lab-final)
2025-05-01T08:59:33.545+03:00  INFO 8488 --- [med-lab-final] [restartedMain] o.j.medlabfinal.MedLabFinalApplication   : No active profile set, falling back to 1 default profile: "default"
2025-05-01T08:59:33.567+03:00  INFO 8488 --- [med-lab-final] [restartedMain] .e.DevToolsPropertyDefaultsPostProcessor : Devtools property defaults active! Set 'spring.devtools.add-properties' to 'false' to disable
2025-05-01T08:59:33.567+03:00  INFO 8488 --- [med-lab-final] [restartedMain] .e.DevToolsPropertyDefaultsPostProcessor : For additional web related logging consider setting the 'logging.level.web' property to 'DEBUG'
2025-05-01T08:59:33.812+03:00  INFO 8488 --- [med-lab-final] [restartedMain] .s.d.r.c.RepositoryConfigurationDelegate : Bootstrapping Spring Data JPA repositories in DEFAULT mode.
2025-05-01T08:59:33.834+03:00  INFO 8488 --- [med-lab-final] [restartedMain] .s.d.r.c.RepositoryConfigurationDelegate : Finished Spring Data repository scanning in 17 ms. Found 3 JPA repository interfaces.
2025-05-01T08:59:34.091+03:00  INFO 8488 --- [med-lab-final] [restartedMain] o.s.b.w.embedded.tomcat.TomcatWebServer  : Tomcat initialized with port 8080 (http)
2025-05-01T08:59:34.097+03:00  INFO 8488 --- [med-lab-final] [restartedMain] o.apache.catalina.core.StandardService   : Starting service [Tomcat]
2025-05-01T08:59:34.097+03:00  INFO 8488 --- [med-lab-final] [restartedMain] o.apache.catalina.core.StandardEngine    : Starting Servlet engine: [Apache Tomcat/10.1.39]
2025-05-01T08:59:34.109+03:00  INFO 8488 --- [med-lab-final] [restartedMain] o.a.c.c.C.[Tomcat].[localhost].[/]       : Initializing Spring embedded WebApplicationContext
2025-05-01T08:59:34.110+03:00  INFO 8488 --- [med-lab-final] [restartedMain] w.s.c.ServletWebServerApplicationContext : Root WebApplicationContext: initialization completed in 543 ms
2025-05-01T08:59:34.173+03:00  INFO 8488 --- [med-lab-final] [restartedMain] o.hibernate.jpa.internal.util.LogHelper  : HHH000204: Processing PersistenceUnitInfo [name: default]
2025-05-01T08:59:34.194+03:00  INFO 8488 --- [med-lab-final] [restartedMain] org.hibernate.Version                    : HHH000412: Hibernate ORM core version 6.6.11.Final
2025-05-01T08:59:34.204+03:00  INFO 8488 --- [med-lab-final] [restartedMain] o.h.c.internal.RegionFactoryInitiator    : HHH000026: Second-level cache disabled
2025-05-01T08:59:34.301+03:00  INFO 8488 --- [med-lab-final] [restartedMain] o.s.o.j.p.SpringPersistenceUnitInfo      : No LoadTimeWeaver setup: ignoring JPA class transformer
2025-05-01T08:59:34.313+03:00  INFO 8488 --- [med-lab-final] [restartedMain] com.zaxxer.hikari.HikariDataSource       : HikariPool-1 - Starting...
2025-05-01T08:59:34.438+03:00  INFO 8488 --- [med-lab-final] [restartedMain] com.zaxxer.hikari.pool.HikariPool        : HikariPool-1 - Added connection com.mysql.cj.jdbc.ConnectionImpl@12b8c369
2025-05-01T08:59:34.439+03:00  INFO 8488 --- [med-lab-final] [restartedMain] com.zaxxer.hikari.HikariDataSource       : HikariPool-1 - Start completed.
2025-05-01T08:59:34.471+03:00  INFO 8488 --- [med-lab-final] [restartedMain] org.hibernate.orm.connections.pooling    : HHH10001005: Database info:
	Database JDBC URL [Connecting through datasource 'HikariDataSource (HikariPool-1)']
	Database driver: undefined/unknown
	Database version: 8.0.40
	Autocommit mode: undefined/unknown
	Isolation level: undefined/unknown
	Minimum pool size: undefined/unknown
	Maximum pool size: undefined/unknown
2025-05-01T08:59:34.829+03:00  INFO 8488 --- [med-lab-final] [restartedMain] o.h.e.t.j.p.i.JtaPlatformInitiator       : HHH000489: No JTA platform available (set 'hibernate.transaction.jta.platform' to enable JTA platform integration)
2025-05-01T08:59:34.862+03:00  INFO 8488 --- [med-lab-final] [restartedMain] j.LocalContainerEntityManagerFactoryBean : Initialized JPA EntityManagerFactory for persistence unit 'default'
2025-05-01T08:59:35.113+03:00  WARN 8488 --- [med-lab-final] [restartedMain] JpaBaseConfiguration$JpaWebConfiguration : spring.jpa.open-in-view is enabled by default. Therefore, database queries may be performed during view rendering. Explicitly configure spring.jpa.open-in-view to disable this warning
2025-05-01T08:59:35.293+03:00  INFO 8488 --- [med-lab-final] [restartedMain] o.s.b.a.h2.H2ConsoleAutoConfiguration    : H2 console available at '/h2-console'. Database available at 'jdbc:mysql://localhost:3306/test_lab'
2025-05-01T08:59:35.328+03:00  INFO 8488 --- [med-lab-final] [restartedMain] o.s.b.d.a.OptionalLiveReloadServer       : LiveReload server is running on port 35729
2025-05-01T08:59:35.344+03:00  INFO 8488 --- [med-lab-final] [restartedMain] o.s.b.w.embedded.tomcat.TomcatWebServer  : Tomcat started on port 8080 (http) with context path '/'
2025-05-01T08:59:35.349+03:00  INFO 8488 --- [med-lab-final] [restartedMain] o.j.medlabfinal.MedLabFinalApplication   : Started MedLabFinalApplication in 1.962 seconds (process running for 2.234)
2025-05-01T08:59:41.667+03:00  INFO 8488 --- [med-lab-final] [http-nio-8080-exec-1] o.a.c.c.C.[Tomcat].[localhost].[/]       : Initializing Spring DispatcherServlet 'dispatcherServlet'
2025-05-01T08:59:41.667+03:00  INFO 8488 --- [med-lab-final] [http-nio-8080-exec-1] o.s.web.servlet.DispatcherServlet        : Initializing Servlet 'dispatcherServlet'
2025-05-01T08:59:41.668+03:00  INFO 8488 --- [med-lab-final] [http-nio-8080-exec-1] o.s.web.servlet.DispatcherServlet        : Completed initialization in 1 ms
2025-05-01T08:59:52.829+03:00  INFO 8488 --- [med-lab-final] [http-nio-8080-exec-5] o.j.medlabfinal.aspect.LoggingAspect     : Виклик методу: findAll
2025-05-01T08:59:57.438+03:00  INFO 8488 --- [med-lab-final] [http-nio-8080-exec-9] o.j.medlabfinal.aspect.LoggingAspect     : Виклик методу: findAll
2025-05-01T09:00:18.384+03:00  INFO 8488 --- [med-lab-final] [http-nio-8080-exec-2] o.j.medlabfinal.aspect.LoggingAspect     : Виклик методу: findAll
2025-05-01T09:00:27.491+03:00  INFO 8488 --- [med-lab-final] [http-nio-8080-exec-6] o.j.medlabfinal.aspect.LoggingAspect     : Виклик методу: findAll
2025-05-01T09:00:28.918+03:00  INFO 8488 --- [med-lab-final] [http-nio-8080-exec-8] o.j.medlabfinal.aspect.LoggingAspect     : Виклик методу: findById
2025-05-01T09:00:30.923+03:00  INFO 8488 --- [med-lab-final] [http-nio-8080-exec-10] o.j.medlabfinal.aspect.LoggingAspect     : Виклик методу: findAll
2025-05-01T09:00:36.586+03:00  INFO 8488 --- [med-lab-final] [http-nio-8080-exec-4] o.j.medlabfinal.aspect.LoggingAspect     : Виклик методу: findAll
2025-05-01T09:00:43.103+03:00  INFO 8488 --- [med-lab-final] [http-nio-8080-exec-3] o.j.medlabfinal.aspect.LoggingAspect     : Виклик методу: findAllPaginated
